<?xml version='1.0' encoding='UTF-8'?>
<metadata>
  <idinfo>
    <citation>
      <citeinfo>
        <origin>Zoeller, Michael H.</origin>
        <origin>Perroy, Ryan L.</origin>
        <origin>Wessels, Rick L.</origin>
        <origin>Fisher, Gary B.</origin>
        <origin>Robinson, Joel E.</origin>
        <origin>Bard, Joseph A.</origin>
        <origin>Peters, Jeff</origin>
        <origin>Mosbrucker, Adam R.</origin>
        <origin>Parcheta, Carolyn E.</origin>
        <pubdate>20200526</pubdate>
        <title>Kilauea 2018 lower East Rift Zone eruption - lava flow chronology polygons</title>
        <geoform>vector digital data</geoform>
        <lworkcit>
          <citeinfo>
            <origin>Zoeller, Michael H.</origin>
            <origin>Perroy, Ryan L.</origin>
            <origin>Wessels, Rick L.</origin>
            <origin>Fisher, Gary B.</origin>
            <origin>Robinson, Joel E.</origin>
            <origin>Bard, Joseph A.</origin>
            <origin>Peters, Jeff</origin>
            <origin>Mosbrucker, Adam R.</origin>
            <origin>Parcheta, Carolyn E.</origin>
            <pubdate>2020</pubdate>
            <title>Geospatial database of the 2018 lower East Rift Zone eruption of Kilauea Volcano, Hawai'i</title>
            <pubinfo>
              <pubplace>Reston, Virginia</pubplace>
              <publish>U.S. Geological Survey</publish>
            </pubinfo>
            <othercit>Suggested citation: Zoeller, M.H., Perroy, R.L., Wessels, R.L., Fisher, G.B., Robinson, J.E., Bard, J.A., Peters, J., Mosbrucker, A.R., and Parcheta, C.E., 2020, Geospatial database of the 2018 lower East Rift Zone eruption of Kilauea Volcano, Hawai'i: U.S. Geological Survey data release, https://doi.org/10.5066/P9S7UQKQ.</othercit>
            <onlink>https://doi.org/10.5066/P9S7UQKQ</onlink>
          </citeinfo>
        </lworkcit>
      </citeinfo>
    </citation>
    <descript>
      <abstract>The 2018 lower East Rift Zone eruption of Kilauea Volcano began in the late afternoon of 3 May, with fissure 1 opening and erupting lava onto Mohala Street in the Leilani Estates subdivision, part of the lower Puna District of the Island of Hawai'i. For the first week of the eruption, relatively viscous lava flowed only within a kilometer (0.6 miles) of the fissures within Leilani Estates, before activity shifted downrift (east-northeast) and out of the subdivision during mid-May. Around 18 May, activity along the lower East Rift Zone intensified, and fluid lava erupting at higher effusion rates from the downrift fissures reached the ocean within two days. Near the end of May, this more vigorous activity shifted back uprift into Leilani Estates, where fissure 8 reactivated with lava fountains feeding several 'a'a flows. The southernmost flow lobe developed into a well-defined lava channel and reached the ocean at Kapoho Bay - 11 kilometers (7 miles) away - on 3 June. Fissure 8 continued supplying this lava channel for more than two months, constructing an approximately 3.5-square-kilometer (1.4-square-mile) lava delta along the coastline. Over 4 and 5 August, activity at fissure 8 waned and flow in the lava channel came to a halt, only to be followed by weak activity within the vent in late August and early September. By then, the eruption had covered 35.5 square kilometers (13.7 square miles) of the lower Puna District with lava. In this report, the authors have sought to chronicle this sequence of events using geospatial data in the form of an Esri file geodatabase, Esri shapefiles, and Google Earth KMZs.</abstract>
      <purpose>This geospatial database provides a digital representation of map data relating to the 2018 lower East Rift Zone eruption of Kilauea Volcano, Hawai'i; specifically, these geospatial data are versions - updated for accuracy - of those used to construct semi-daily lava-flow maps during the eruption, and they have been incorporated into maps for the U.S. Geological Survey Professional Paper chapter that is preliminarily titled "Chronological narrative for the 2018 eruption of Kilauea" by Parcheta, C.E. and others (in preparation). Feature data are also included for sample sites in the U.S. Geological Survey data release "Whole-rock and glass chemistry of lava samples collected during the 2018 lower East Rift Zone eruption of Kilauea" by Lee, R.L. and others (2019, accessed at https://doi.org/10.5066/P9LVY7GV). This report supersedes the "Preliminary map of the 2018 lower East Rift Zone eruption of Kilauea Volcano, Island of Hawai'i" by the Hawaiian Volcano Observatory staff (2018, accessed at https://doi.org/10.5066/P994OGY8). The content and character of the digital publication, as well as methods for obtaining the digital files, are described here. See Entity_and_Attribute_Information for positional accuracy of features and attribute data.</purpose>
      <supplinf>These feature data consist of polygons representing chronologic lava flow footprints. Only subaerial lava flows have been mapped; submarine lava flows are not depicted. The database was compiled in ArcMap, a commercial geographic information system (GIS) by Environmental Systems Research Institute (Esri) of Redlands, California. Any use of trade, product, or firm names is for descriptive purposes only and does not imply endorsement by the U.S. Government.</supplinf>
    </descript>
    <timeperd>
      <timeinfo>
        <sngdate>
          <caldate>2018</caldate>
        </sngdate>
      </timeinfo>
      <current>ground condition</current>
    </timeperd>
    <status>
      <progress>Complete</progress>
      <update>None planned</update>
    </status>
    <spdom>
      <bounding>
        <westbc>-154.927282</westbc>
        <eastbc>-154.806382</eastbc>
        <northbc>19.513735</northbc>
        <southbc>19.439980</southbc>
      </bounding>
    </spdom>
    <keywords>
      <theme>
        <themekt>None</themekt>
        <themekey>Hawaii</themekey>
        <themekey>Hawai'i</themekey>
        <themekey>Kilauea</themekey>
        <themekey>East Rift Zone</themekey>
        <themekey>lower East Rift Zone</themekey>
        <themekey>geology</themekey>
        <themekey>map</themekey>
        <themekey>volcano</themekey>
        <themekey>shield volcano</themekey>
        <themekey>lava</themekey>
        <themekey>lava flow</themekey>
        <themekey>basalt</themekey>
        <themekey>tholeiitic basalt</themekey>
        <themekey>basaltic andesite</themekey>
        <themekey>andesite</themekey>
        <themekey>FlowChronologyPolys</themekey>
        <themekey>flow chronology polygon</themekey>
        <themekey>lava flow chronology polygon</themekey>
        <themekey>flow chronology footprint</themekey>
        <themekey>lava flow chronology footprint</themekey>
        <themekey>flow chronology footprint polygon</themekey>
        <themekey>lava flow chronology footprint polygon</themekey>
      </theme>
      <place>
        <placekt>None</placekt>
        <placekey>United States of America</placekey>
        <placekey>State of Hawaii</placekey>
        <placekey>Island of Hawai'i</placekey>
        <placekey>Puna District</placekey>
        <placekey>Pahoa North quadrangle</placekey>
        <placekey>Pahoa South quadrangle</placekey>
        <placekey>Kapoho OE N quadrangle</placekey>
        <placekey>Kapoho quadrangle</placekey>
        <placekey>Leilani Estates</placekey>
        <placekey>Vacationland Hawaii</placekey>
        <placekey>Green Lake</placekey>
        <placekey>Kapoho Bay</placekey>
        <placekey>Waiopae</placekey>
      </place>
      <temporal>
        <tempkt>None</tempkt>
        <tempkey>Quaternary</tempkey>
        <tempkey>Holocene</tempkey>
      </temporal>
    </keywords>
    <accconst>None</accconst>
    <useconst>This geospatial database should not be used in any manner that violates the spatial resolution of approximately 2 millimeters (0.1 inches) at 1:5,000-scale, or 10 meters (33 feet) on the ground. Although digital geospatial data are not constrained by scale like paper maps, the inherent uncertainty of the source data is transferred to this database. The dataset was edited at a scale of 1:5,000; therefore, no data of higher resolution have been included. Displaying or analyzing the data at larger scales will not provide greater detail, and it may reveal irregularities that were not visible at the intended scale of 1:5,000. If these data are used alongside any higher-resolution digital data, the spatial resolution of the combined dataset will only be equal to that of the lowest-resolution data. Acknowledgment of the U.S. Geological Survey is appreciated in any products derived from this database.</useconst>
    <ptcontac>
      <cntinfo>
        <cntperp>
          <cntper>Michael Zoeller</cntper>
          <cntorg>U.S. Geological Survey</cntorg>
        </cntperp>
        <cntpos>Geologist</cntpos>
        <cntaddr>
          <addrtype>mailing and physical address</addrtype>
          <address>Hawaiian Volcano Observatory</address>
          <address>1266 Kamehameha Avenue</address>
          <address>Suite A8</address>
          <city>Hilo</city>
          <state>Hawaii</state>
          <postal>96720</postal>
          <country>United States of America</country>
        </cntaddr>
        <cntvoice>808-967-8848</cntvoice>
        <cntemail>mzoeller@usgs.gov</cntemail>
        <cntinst>Preferred contact by e-mail. This mailing and physical address is temporary.</cntinst>
      </cntinfo>
    </ptcontac>
    <native>Version 6.2 (Build 9200); Esri ArcGIS 10.6.1.9270</native>
  </idinfo>
  <dataqual>
    <attracc>
      <attraccr>See Entity_and_Attribute_Information.</attraccr>
      <qattracc>
        <attraccv>See Attribute_Accuracy_Explanation.</attraccv>
        <attracce>Attribute accuracy is described, where applicable, in the Entity_and_Attribute_Information section.</attracce>
      </qattracc>
    </attracc>
    <logic>The polyline and polygon feature classes in the geodatabase were checked for various topologic errors, which were rectified if necessary.</logic>
    <complete>This report is intended to geospatially describe the volcanic products and features of the 2018 Kilauea lower East Rift Zone eruption. No further mapping is expected at this time.</complete>
    <posacc>
      <horizpa>
        <horizpar>Although the horizontal positional accuracy of the source datasets is variable, this dataset has in general been edited at a scale of 1:5:000, therefore most horizontal positions should be accurate to within 2 millimeters (0.1 inches) at this scale, or 10 meters (33 feet) on the ground.</horizpar>
      </horizpa>
      <vertacc>
        <vertaccr>No vertical positional accuracy information to report.</vertaccr>
      </vertacc>
    </posacc>
    <lineage>
      <srcinfo>
        <srccite>
          <citeinfo>
            <origin>Lee, R. Lopaka</origin>
            <origin>Gansecki, Cheryl</origin>
            <origin>Lundblad, Steven</origin>
            <origin>Mills, Peter</origin>
            <origin>Adams, David T.</origin>
            <origin>Conrey, Richard</origin>
            <origin>Wagoner, Laureen</origin>
            <pubdate>2019</pubdate>
            <title>Whole-rock and glass chemistry of lava samples collected during the 2018 lower East Rift Zone eruption of Kilauea</title>
            <pubinfo>
              <pubplace>Reston, Virginia</pubplace>
              <publish>U.S. Geological Survey</publish>
            </pubinfo>
            <onlink>https://doi.org/10.5066/P9LVY7GV</onlink>
          </citeinfo>
        </srccite>
        <typesrc>online</typesrc>
        <srctime>
          <timeinfo>
            <sngdate>
              <caldate>2018</caldate>
            </sngdate>
          </timeinfo>
          <srccurr>ground condition</srccurr>
        </srctime>
        <srccitea>Lee and others (2019)</srccitea>
        <srccontr>Geographic coordinates provided the locations for sample site point features.</srccontr>
      </srcinfo>
      <procstep>
        <procdesc>Lava flow expansions were digitized (syn-eruption) as polygons from oblique helicopter photography (optical and thermal), small unoccupied aerial system (sUAS) photography (optical and thermal), and various satellite imagery sources.</procdesc>
        <procdate>2018</procdate>
        <srcprod>Zoeller and others (2020)</srcprod>
        <proccont>
          <cntinfo>
            <cntperp>
              <cntper>Michael Zoeller</cntper>
              <cntorg>U.S. Geological Survey</cntorg>
            </cntperp>
            <cntpos>Geologist</cntpos>
            <cntaddr>
              <addrtype>mailing and physical address</addrtype>
              <address>Hawaiian Volcano Observatory</address>
              <address>1266 Kamehameha Avenue</address>
              <address>Suite A8</address>
              <city>Hilo</city>
              <state>Hawaii</state>
              <postal>96720</postal>
              <country>United States of America</country>
            </cntaddr>
            <cntvoice>808-967-8848</cntvoice>
            <cntemail>mzoeller@usgs.gov</cntemail>
            <cntinst>Preferred contact by e-mail. This mailing and physical address is temporary.</cntinst>
          </cntinfo>
        </proccont>
      </procstep>
      <procstep>
        <procdesc>Flow expansion polygons were cross-correlated with additional helicopter photography to enable attribution with more accurate emplacement dates/times when tracing flow chronology lines along the polygon boundaries. Erroneous flow chronology lines along the edges of the flow field were re-digitized from DigitalGlobe satellite imagery. New flow chronology polygons were constructed from the flow chronology lines and attributed according to the more accurate emplacement dates/times. Individual fissure flows were separated by analyzing helicopter photography and DigitalGlobe imagery.</procdesc>
        <procdate>2019</procdate>
        <srcprod>Zoeller and others (2020)</srcprod>
        <proccont>
          <cntinfo>
            <cntperp>
              <cntper>Michael Zoeller</cntper>
              <cntorg>U.S. Geological Survey</cntorg>
            </cntperp>
            <cntpos>Geologist</cntpos>
            <cntaddr>
              <addrtype>mailing and physical address</addrtype>
              <address>Hawaiian Volcano Observatory</address>
              <address>1266 Kamehameha Avenue</address>
              <address>Suite A8</address>
              <city>Hilo</city>
              <state>Hawaii</state>
              <postal>96720</postal>
              <country>United States of America</country>
            </cntaddr>
            <cntvoice>808-967-8848</cntvoice>
            <cntemail>mzoeller@usgs.gov</cntemail>
            <cntinst>Preferred contact by e-mail. This mailing and physical address is temporary.</cntinst>
          </cntinfo>
        </proccont>
      </procstep>
      <procstep>
        <procdesc>Fissure lines were digitized (syn-eruption) from various satellite imagery sources.</procdesc>
        <procdate>2018</procdate>
        <srcprod>Zoeller and others (2020)</srcprod>
        <proccont>
          <cntinfo>
            <cntperp>
              <cntper>Michael Zoeller</cntper>
              <cntorg>U.S. Geological Survey</cntorg>
            </cntperp>
            <cntpos>Geologist</cntpos>
            <cntaddr>
              <addrtype>mailing and physical address</addrtype>
              <address>Hawaiian Volcano Observatory</address>
              <address>1266 Kamehameha Avenue</address>
              <address>Suite A8</address>
              <city>Hilo</city>
              <state>Hawaii</state>
              <postal>96720</postal>
              <country>United States of America</country>
            </cntaddr>
            <cntvoice>808-967-8848</cntvoice>
            <cntemail>mzoeller@usgs.gov</cntemail>
            <cntinst>Preferred contact by e-mail. This mailing and physical address is temporary.</cntinst>
          </cntinfo>
        </proccont>
      </procstep>
      <procstep>
        <procdesc>Fissure lines were realigned to better-georeferenced helicopter photography.</procdesc>
        <procdate>2019</procdate>
        <srcprod>Zoeller and others (2020)</srcprod>
        <proccont>
          <cntinfo>
            <cntperp>
              <cntper>Michael Zoeller</cntper>
              <cntorg>U.S. Geological Survey</cntorg>
            </cntperp>
            <cntpos>Geologist</cntpos>
            <cntaddr>
              <addrtype>mailing and physical address</addrtype>
              <address>Hawaiian Volcano Observatory</address>
              <address>1266 Kamehameha Avenue</address>
              <address>Suite A8</address>
              <city>Hilo</city>
              <state>Hawaii</state>
              <postal>96720</postal>
              <country>United States of America</country>
            </cntaddr>
            <cntvoice>808-967-8848</cntvoice>
            <cntemail>mzoeller@usgs.gov</cntemail>
            <cntinst>Preferred contact by e-mail. This mailing and physical address is temporary.</cntinst>
          </cntinfo>
        </proccont>
      </procstep>
      <procstep>
        <procdesc>Isopach lines were manually drawn to fit unpublished fissure 8 tephra thickness data from Samantha Isgett (University of Hawai'i at Manoa) and Carolyn Parcheta (U.S. Geological Survey, Hawaiian Volcano Observatory).</procdesc>
        <procdate>2019</procdate>
        <srcprod>Zoeller and others (2020)</srcprod>
        <proccont>
          <cntinfo>
            <cntperp>
              <cntper>Michael Zoeller</cntper>
              <cntorg>U.S. Geological Survey</cntorg>
            </cntperp>
            <cntpos>Geologist</cntpos>
            <cntaddr>
              <addrtype>mailing and physical address</addrtype>
              <address>Hawaiian Volcano Observatory</address>
              <address>1266 Kamehameha Avenue</address>
              <address>Suite A8</address>
              <city>Hilo</city>
              <state>Hawaii</state>
              <postal>96720</postal>
              <country>United States of America</country>
            </cntaddr>
            <cntvoice>808-967-8848</cntvoice>
            <cntemail>mzoeller@usgs.gov</cntemail>
            <cntinst>Preferred contact by e-mail. This mailing and physical address is temporary.</cntinst>
          </cntinfo>
        </proccont>
      </procstep>
      <procstep>
        <procdesc>Field geologists collected lava and tephra samples, then marked their locations using handheld Global Positioning System (GPS) units. Petrologists tabulated these data, and the sample locations were loaded into ArcMap as point features.</procdesc>
        <srcused>Lee and others (2019)</srcused>
        <procdate>2018</procdate>
        <srcprod>Zoeller and others (2020)</srcprod>
        <proccont>
          <cntinfo>
            <cntperp>
              <cntper>Michael Zoeller</cntper>
              <cntorg>U.S. Geological Survey</cntorg>
            </cntperp>
            <cntpos>Geologist</cntpos>
            <cntaddr>
              <addrtype>mailing and physical address</addrtype>
              <address>Hawaiian Volcano Observatory</address>
              <address>1266 Kamehameha Avenue</address>
              <address>Suite A8</address>
              <city>Hilo</city>
              <state>Hawaii</state>
              <postal>96720</postal>
              <country>United States of America</country>
            </cntaddr>
            <cntvoice>808-967-8848</cntvoice>
            <cntemail>mzoeller@usgs.gov</cntemail>
            <cntinst>Preferred contact by e-mail. This mailing and physical address is temporary.</cntinst>
          </cntinfo>
        </proccont>
      </procstep>
      <procstep>
        <procdesc>Metadata written for all Esri geodatabase feature classes and Esri shapefiles.</procdesc>
        <procdate>2019</procdate>
        <srcprod>Zoeller and others (2020)</srcprod>
        <proccont>
          <cntinfo>
            <cntperp>
              <cntper>Michael Zoeller</cntper>
              <cntorg>U.S. Geological Survey</cntorg>
            </cntperp>
            <cntpos>Geologist</cntpos>
            <cntaddr>
              <addrtype>mailing and physical address</addrtype>
              <address>Hawaiian Volcano Observatory</address>
              <address>1266 Kamehameha Avenue</address>
              <address>Suite A8</address>
              <city>Hilo</city>
              <state>Hawaii</state>
              <postal>96720</postal>
              <country>United States of America</country>
            </cntaddr>
            <cntvoice>808-967-8848</cntvoice>
            <cntemail>mzoeller@usgs.gov</cntemail>
            <cntinst>Preferred contact by e-mail. This mailing and physical address is temporary.</cntinst>
          </cntinfo>
        </proccont>
      </procstep>
    </lineage>
  </dataqual>
  <spdoinfo>
    <direct>Vector</direct>
    <ptvctinf>
      <sdtsterm>
        <sdtstype>GT-polygon composed of chains</sdtstype>
        <ptvctcnt>932</ptvctcnt>
      </sdtsterm>
    </ptvctinf>
  </spdoinfo>
  <spref>
    <horizsys>
      <planar>
        <mapproj>
          <mapprojn>NAD 1983 UTM Zone 5N</mapprojn>
          <transmer>
            <sfctrmer>0.9996</sfctrmer>
            <longcm>-153.0</longcm>
            <latprjo>0.0</latprjo>
            <feast>500000.0</feast>
            <fnorth>0.0</fnorth>
          </transmer>
        </mapproj>
        <planci>
          <plance>coordinate pair</plance>
          <coordrep>
            <absres>0.000000002220024164500956</absres>
            <ordres>0.000000002220024164500956</ordres>
          </coordrep>
          <plandu>meter</plandu>
        </planci>
      </planar>
      <geodetic>
        <horizdn>D North American 1983</horizdn>
        <ellips>GRS 1980</ellips>
        <semiaxis>6378137.0</semiaxis>
        <denflat>298.257222101</denflat>
      </geodetic>
    </horizsys>
  </spref>
  <eainfo>
    <detailed>
      <enttyp>
        <enttypl>KIL_2018_LERZ_FlowChronologyPolys.shp</enttypl>
        <enttypd>Polygons with associated attribute data for chronologic lava flow footprints of the 2018 lower East Rift Zone eruption of Kilauea Volcano, Hawai'i.</enttypd>
        <enttypds>Author.</enttypds>
      </enttyp>
      <attr>
        <attrlabl>FID</attrlabl>
        <attrdef>Internal feature number.</attrdef>
        <attrdefs>Esri</attrdefs>
        <attrdomv>
          <udom>Sequential unique whole numbers that are automatically generated.</udom>
        </attrdomv>
      </attr>
      <attr>
        <attrlabl>Shape</attrlabl>
        <attrdef>Feature geometry.</attrdef>
        <attrdefs>Esri</attrdefs>
        <attrdomv>
          <udom>Coordinates defining the features.</udom>
        </attrdomv>
      </attr>
      <attr>
        <attrlabl>FlowTime1</attrlabl>
        <attrdef>Date and time of lava emplacement (Hawaii Standard Time), formatted as a Text attribute field.</attrdef>
        <attrdefs>Author</attrdefs>
        <attrdomv>
          <udom>Dates expressed as YYYY/MM/DD and times expressed on a 24-hour clock.</udom>
        </attrdomv>
      </attr>
      <attr>
        <attrlabl>EruptDay1</attrlabl>
        <attrdef>Sequential calendar day of the eruption, with 3 May being day 01, formatted as a Text attribute field. When a calendar day has multiple data collections, they are sequentially marked as 02A, 02B, and so on.</attrdef>
        <attrdefs>Author</attrdefs>
        <attrdomv>
          <udom>Sequential two-digit numerals, optionally followed by an alphabetic letter.</udom>
        </attrdomv>
      </attr>
      <attr>
        <attrlabl>EruptDay2</attrlabl>
        <attrdef>Sequential calendar day of the eruption, with 3 May being day 1, formatted as a Double attribute field. When a calendar day has multiple data collections, they are sequentially marked in increments of 0.25, as in 2, 2.25, and so on.</attrdef>
        <attrdefs>Author</attrdefs>
        <attrdomv>
          <udom>Positive real numbers with up to two decimal places.</udom>
        </attrdomv>
      </attr>
      <attr>
        <attrlabl>DataSource</attrlabl>
        <attrdef>Description of the data source.</attrdef>
        <attrdefs>Author</attrdefs>
        <attrdomv>
          <udom>Text describing the data source.</udom>
        </attrdomv>
      </attr>
      <attr>
        <attrlabl>Shape_Leng</attrlabl>
        <attrdef>Length of feature in meters.</attrdef>
        <attrdefs>Author</attrdefs>
        <attrdomv>
          <udom>Positive real numbers that are automatically generated.</udom>
        </attrdomv>
      </attr>
      <attr>
        <attrlabl>Shape_Area</attrlabl>
        <attrdef>Area of feature in meters squared.</attrdef>
        <attrdefs>Author</attrdefs>
        <attrdomv>
          <udom>Positive real numbers that are automatically generated.</udom>
        </attrdomv>
      </attr>
    </detailed>
  </eainfo>
  <distinfo>
    <distrib>
      <cntinfo>
        <cntorgp>
          <cntorg>U.S. Geological Survey</cntorg>
          <cntper>ScienceBase</cntper>
        </cntorgp>
        <cntaddr>
          <addrtype>mailing address</addrtype>
          <address>Denver Federal Center</address>
          <address>Building 810</address>
          <address>Mail Stop 302</address>
          <city>Denver</city>
          <state>Colorado</state>
          <postal>80225</postal>
          <country>United States of America</country>
        </cntaddr>
        <cntvoice>1-888-ASK-USGS</cntvoice>
        <cntemail>sciencebase@usgs.gov</cntemail>
      </cntinfo>
    </distrib>
    <distliab>This dataset has been approved for release and publication by the Director of the U.S. Geological Survey (USGS). Although the dataset has been subjected to rigorous review and is substantially complete, the USGS reserves the right to revise the data pursuant to further analysis and review. Furthermore, it is released on condition that neither the USGS nor the U.S. Government may be held liable for any damages resulting from its authorized or unauthorized use. All trademarks and trade names are the property of their respective owners. Any use of trade, product, or firm names is for descriptive purposes only and does not imply endorsement by the U.S. Government.</distliab>
    <stdorder>
      <digform>
        <digtinfo>
          <formname>ARCE</formname>
          <formvern>ArcGIS 10.6.1</formvern>
          <formcont>Esri file geodatabase and Esri shapefiles.</formcont>
          <filedec>Winzip</filedec>
        </digtinfo>
        <digtopt>
          <onlinopt>
            <computer>
              <networka>
                <networkr>https://doi.org/10.5066/P9S7UQKQ</networkr>
              </networka>
            </computer>
          </onlinopt>
        </digtopt>
      </digform>
      <fees>No fees for digital files.</fees>
    </stdorder>
    <availabl>
      <timeinfo>
        <sngdate>
          <caldate>2020</caldate>
        </sngdate>
      </timeinfo>
    </availabl>
  </distinfo>
  <metainfo>
    <metd>20200526</metd>
    <metc>
      <cntinfo>
        <cntperp>
          <cntper>Michael Zoeller</cntper>
          <cntorg>U.S. Geological Survey</cntorg>
        </cntperp>
        <cntpos>Geologist</cntpos>
        <cntaddr>
          <addrtype>mailing and physical address</addrtype>
          <address>Hawaiian Volcano Observatory</address>
          <address>1266 Kamehameha Avenue</address>
          <address>Suite A8</address>
          <city>Hilo</city>
          <state>Hawaii</state>
          <postal>96720</postal>
          <country>United States of America</country>
        </cntaddr>
        <cntvoice>808-967-8848</cntvoice>
        <cntemail>mzoeller@usgs.gov</cntemail>
        <cntinst>Preferred contact by e-mail. This mailing and physical address is temporary.</cntinst>
      </cntinfo>
    </metc>
    <metstdn>FGDC Content Standard for Digital Geospatial Metadata</metstdn>
    <metstdv>FGDC-STD-001-1998</metstdv>
    <mettc>local time</mettc>
    <metac>None</metac>
    <metuc>None</metuc>
    <metsi>
      <metscs>None</metscs>
      <metsc>Unclassified</metsc>
      <metshd>None</metshd>
    </metsi>
    <metextns>
      <onlink>http://www.esri.com/</onlink>
      <metprof>Esri Metadata Profile</metprof>
    </metextns>
  </metainfo>
</metadata>
