<metadata xml:lang="en"><Esri><CreaDate>20191213</CreaDate><CreaTime>15454300</CreaTime><ArcGISFormat>1.0</ArcGISFormat><SyncOnce>FALSE</SyncOnce><DataProperties><itemProps><itemName Sync="TRUE">KIL_2018_LERZ_Fissure06Flow</itemName><itemLocation><linkage Sync="TRUE">file://\\IGSWHVWGLT039\C$\Users\mzoeller\Documents\Work\Projects\GIS\KIL_LERZ_2018\Publication\Submit\Post-Review\Shapefiles\IndividualFlows\KIL_2018_LERZ_Fissure06Flow.shp</linkage><protocol Sync="TRUE">Local Area Network</protocol></itemLocation><nativeExtBox><westBL Sync="TRUE">301358.065300</westBL><eastBL Sync="TRUE">301465.762700</eastBL><southBL Sync="TRUE">2154044.162800</southBL><northBL Sync="TRUE">2154106.722200</northBL><exTypeCode Sync="TRUE">1</exTypeCode></nativeExtBox><itemSize Sync="TRUE">0.003</itemSize><imsContentType Sync="TRUE">002</imsContentType></itemProps><coordRef><type Sync="TRUE">Projected</type><geogcsn Sync="TRUE">GCS_North_American_1983</geogcsn><csUnits Sync="TRUE">Linear Unit: Meter (1.000000)</csUnits><projcsn Sync="TRUE">NAD_1983_UTM_Zone_5N</projcsn><peXml Sync="TRUE">&lt;ProjectedCoordinateSystem xsi:type='typens:ProjectedCoordinateSystem' xmlns:xsi='http://www.w3.org/2001/XMLSchema-instance' xmlns:xs='http://www.w3.org/2001/XMLSchema' xmlns:typens='http://www.esri.com/schemas/ArcGIS/10.7'&gt;&lt;WKT&gt;PROJCS[&amp;quot;NAD_1983_UTM_Zone_5N&amp;quot;,GEOGCS[&amp;quot;GCS_North_American_1983&amp;quot;,DATUM[&amp;quot;D_North_American_1983&amp;quot;,SPHEROID[&amp;quot;GRS_1980&amp;quot;,6378137.0,298.257222101]],PRIMEM[&amp;quot;Greenwich&amp;quot;,0.0],UNIT[&amp;quot;Degree&amp;quot;,0.0174532925199433]],PROJECTION[&amp;quot;Transverse_Mercator&amp;quot;],PARAMETER[&amp;quot;False_Easting&amp;quot;,500000.0],PARAMETER[&amp;quot;False_Northing&amp;quot;,0.0],PARAMETER[&amp;quot;Central_Meridian&amp;quot;,-153.0],PARAMETER[&amp;quot;Scale_Factor&amp;quot;,0.9996],PARAMETER[&amp;quot;Latitude_Of_Origin&amp;quot;,0.0],UNIT[&amp;quot;Meter&amp;quot;,1.0],AUTHORITY[&amp;quot;EPSG&amp;quot;,26905]]&lt;/WKT&gt;&lt;XOrigin&gt;-5120900&lt;/XOrigin&gt;&lt;YOrigin&gt;-9998100&lt;/YOrigin&gt;&lt;XYScale&gt;450445547.3910538&lt;/XYScale&gt;&lt;ZOrigin&gt;-100000&lt;/ZOrigin&gt;&lt;ZScale&gt;10000&lt;/ZScale&gt;&lt;MOrigin&gt;-100000&lt;/MOrigin&gt;&lt;MScale&gt;10000&lt;/MScale&gt;&lt;XYTolerance&gt;0.001&lt;/XYTolerance&gt;&lt;ZTolerance&gt;0.001&lt;/ZTolerance&gt;&lt;MTolerance&gt;0.001&lt;/MTolerance&gt;&lt;HighPrecision&gt;true&lt;/HighPrecision&gt;&lt;WKID&gt;26905&lt;/WKID&gt;&lt;LatestWKID&gt;26905&lt;/LatestWKID&gt;&lt;/ProjectedCoordinateSystem&gt;</peXml></coordRef><lineage><Process ToolSource="c:\arcgis\desktop10.6\ArcToolbox\Toolboxes\Data Management Tools.tbx\Merge" Date="20191209" Time="135924">Merge D:\mzoeller\Projects\GIS\KIL_LowerERZ_2018\Publication\KIL_LERZ_2018.gdb\IndividualFlows\Fissure01Flow;D:\mzoeller\Projects\GIS\KIL_LowerERZ_2018\Publication\KIL_LERZ_2018.gdb\IndividualFlows\Fissure02Flow;D:\mzoeller\Projects\GIS\KIL_LowerERZ_2018\Publication\KIL_LERZ_2018.gdb\IndividualFlows\Fissure03Flow;D:\mzoeller\Projects\GIS\KIL_LowerERZ_2018\Publication\KIL_LERZ_2018.gdb\IndividualFlows\Fissure04Flow;D:\mzoeller\Projects\GIS\KIL_LowerERZ_2018\Publication\KIL_LERZ_2018.gdb\IndividualFlows\Fissure05Flow;D:\mzoeller\Projects\GIS\KIL_LowerERZ_2018\Publication\KIL_LERZ_2018.gdb\IndividualFlows\Fissure06Flow;D:\mzoeller\Projects\GIS\KIL_LowerERZ_2018\Publication\KIL_LERZ_2018.gdb\IndividualFlows\Fissure07Flow;D:\mzoeller\Projects\GIS\KIL_LowerERZ_2018\Publication\KIL_LERZ_2018.gdb\IndividualFlows\Fissure08FlowA;D:\mzoeller\Projects\GIS\KIL_LowerERZ_2018\Publication\KIL_LERZ_2018.gdb\IndividualFlows\Fissure08FlowB;D:\mzoeller\Projects\GIS\KIL_LowerERZ_2018\Publication\KIL_LERZ_2018.gdb\IndividualFlows\Fissure09Flow;D:\mzoeller\Projects\GIS\KIL_LowerERZ_2018\Publication\KIL_LERZ_2018.gdb\IndividualFlows\Fissure10Flow;D:\mzoeller\Projects\GIS\KIL_LowerERZ_2018\Publication\KIL_LERZ_2018.gdb\IndividualFlows\Fissure11Flow;D:\mzoeller\Projects\GIS\KIL_LowerERZ_2018\Publication\KIL_LERZ_2018.gdb\IndividualFlows\Fissure12Flow;D:\mzoeller\Projects\GIS\KIL_LowerERZ_2018\Publication\KIL_LERZ_2018.gdb\IndividualFlows\Fissure13Flow;D:\mzoeller\Projects\GIS\KIL_LowerERZ_2018\Publication\KIL_LERZ_2018.gdb\IndividualFlows\Fissure14Flow;D:\mzoeller\Projects\GIS\KIL_LowerERZ_2018\Publication\KIL_LERZ_2018.gdb\IndividualFlows\Fissure15FlowA;D:\mzoeller\Projects\GIS\KIL_LowerERZ_2018\Publication\KIL_LERZ_2018.gdb\IndividualFlows\Fissure15FlowB;D:\mzoeller\Projects\GIS\KIL_LowerERZ_2018\Publication\KIL_LERZ_2018.gdb\IndividualFlows\Fissure16Flow;D:\mzoeller\Projects\GIS\KIL_LowerERZ_2018\Publication\KIL_LERZ_2018.gdb\IndividualFlows\Fissure17Flow;D:\mzoeller\Projects\GIS\KIL_LowerERZ_2018\Publication\KIL_LERZ_2018.gdb\IndividualFlows\Fissure18Flow;D:\mzoeller\Projects\GIS\KIL_LowerERZ_2018\Publication\KIL_LERZ_2018.gdb\IndividualFlows\Fissure19Flow;D:\mzoeller\Projects\GIS\KIL_LowerERZ_2018\Publication\KIL_LERZ_2018.gdb\IndividualFlows\Fissure20Flow;D:\mzoeller\Projects\GIS\KIL_LowerERZ_2018\Publication\KIL_LERZ_2018.gdb\IndividualFlows\Fissure21Flow;D:\mzoeller\Projects\GIS\KIL_LowerERZ_2018\Publication\KIL_LERZ_2018.gdb\IndividualFlows\Fissure22Flow;D:\mzoeller\Projects\GIS\KIL_LowerERZ_2018\Publication\KIL_LERZ_2018.gdb\IndividualFlows\Fissure23Flow;D:\mzoeller\Projects\GIS\KIL_LowerERZ_2018\Publication\KIL_LERZ_2018.gdb\IndividualFlows\Fissure24Flow;D:\mzoeller\Projects\GIS\KIL_LowerERZ_2018\Publication\KIL_LERZ_2018.gdb\IndividualFlows\Fissures06and13Flow;D:\mzoeller\Projects\GIS\KIL_LowerERZ_2018\Publication\KIL_LERZ_2018.gdb\IndividualFlows\Fissures07and21Flow D:\mzoeller\Projects\GIS\KIL_LowerERZ_2018\Publication\KIL_LERZ_2018.gdb\AllFlows\AllFlowsOverlapping1 "SHAPE_Length "SHAPE_Length" false true true 8 Double 0 0 ,First,#,D:\mzoeller\Projects\GIS\KIL_LowerERZ_2018\Publication\KIL_LERZ_2018.gdb\IndividualFlows\Fissure01Flow,SHAPE_Length,-1,-1,D:\mzoeller\Projects\GIS\KIL_LowerERZ_2018\Publication\KIL_LERZ_2018.gdb\IndividualFlows\Fissure02Flow,SHAPE_Length,-1,-1,D:\mzoeller\Projects\GIS\KIL_LowerERZ_2018\Publication\KIL_LERZ_2018.gdb\IndividualFlows\Fissure03Flow,SHAPE_Length,-1,-1,D:\mzoeller\Projects\GIS\KIL_LowerERZ_2018\Publication\KIL_LERZ_2018.gdb\IndividualFlows\Fissure04Flow,SHAPE_Length,-1,-1,D:\mzoeller\Projects\GIS\KIL_LowerERZ_2018\Publication\KIL_LERZ_2018.gdb\IndividualFlows\Fissure05Flow,SHAPE_Length,-1,-1,D:\mzoeller\Projects\GIS\KIL_LowerERZ_2018\Publication\KIL_LERZ_2018.gdb\IndividualFlows\Fissure06Flow,SHAPE_Length,-1,-1,D:\mzoeller\Projects\GIS\KIL_LowerERZ_2018\Publication\KIL_LERZ_2018.gdb\IndividualFlows\Fissure07Flow,SHAPE_Length,-1,-1,D:\mzoeller\Projects\GIS\KIL_LowerERZ_2018\Publication\KIL_LERZ_2018.gdb\IndividualFlows\Fissure08FlowA,SHAPE_Length,-1,-1,D:\mzoeller\Projects\GIS\KIL_LowerERZ_2018\Publication\KIL_LERZ_2018.gdb\IndividualFlows\Fissure08FlowB,Shape_Length,-1,-1,D:\mzoeller\Projects\GIS\KIL_LowerERZ_2018\Publication\KIL_LERZ_2018.gdb\IndividualFlows\Fissure09Flow,SHAPE_Length,-1,-1,D:\mzoeller\Projects\GIS\KIL_LowerERZ_2018\Publication\KIL_LERZ_2018.gdb\IndividualFlows\Fissure10Flow,SHAPE_Length,-1,-1,D:\mzoeller\Projects\GIS\KIL_LowerERZ_2018\Publication\KIL_LERZ_2018.gdb\IndividualFlows\Fissure11Flow,SHAPE_Length,-1,-1,D:\mzoeller\Projects\GIS\KIL_LowerERZ_2018\Publication\KIL_LERZ_2018.gdb\IndividualFlows\Fissure12Flow,SHAPE_Length,-1,-1,D:\mzoeller\Projects\GIS\KIL_LowerERZ_2018\Publication\KIL_LERZ_2018.gdb\IndividualFlows\Fissure13Flow,SHAPE_Length,-1,-1,D:\mzoeller\Projects\GIS\KIL_LowerERZ_2018\Publication\KIL_LERZ_2018.gdb\IndividualFlows\Fissure14Flow,SHAPE_Length,-1,-1,D:\mzoeller\Projects\GIS\KIL_LowerERZ_2018\Publication\KIL_LERZ_2018.gdb\IndividualFlows\Fissure15FlowA,SHAPE_Length,-1,-1,D:\mzoeller\Projects\GIS\KIL_LowerERZ_2018\Publication\KIL_LERZ_2018.gdb\IndividualFlows\Fissure15FlowB,SHAPE_Length,-1,-1,D:\mzoeller\Projects\GIS\KIL_LowerERZ_2018\Publication\KIL_LERZ_2018.gdb\IndividualFlows\Fissure16Flow,Shape_Length,-1,-1,D:\mzoeller\Projects\GIS\KIL_LowerERZ_2018\Publication\KIL_LERZ_2018.gdb\IndividualFlows\Fissure17Flow,SHAPE_Length,-1,-1,D:\mzoeller\Projects\GIS\KIL_LowerERZ_2018\Publication\KIL_LERZ_2018.gdb\IndividualFlows\Fissure18Flow,Shape_Length,-1,-1,D:\mzoeller\Projects\GIS\KIL_LowerERZ_2018\Publication\KIL_LERZ_2018.gdb\IndividualFlows\Fissure19Flow,Shape_Length,-1,-1,D:\mzoeller\Projects\GIS\KIL_LowerERZ_2018\Publication\KIL_LERZ_2018.gdb\IndividualFlows\Fissure20Flow,Shape_Length,-1,-1,D:\mzoeller\Projects\GIS\KIL_LowerERZ_2018\Publication\KIL_LERZ_2018.gdb\IndividualFlows\Fissure21Flow,SHAPE_Length,-1,-1,D:\mzoeller\Projects\GIS\KIL_LowerERZ_2018\Publication\KIL_LERZ_2018.gdb\IndividualFlows\Fissure22Flow,Shape_Length,-1,-1,D:\mzoeller\Projects\GIS\KIL_LowerERZ_2018\Publication\KIL_LERZ_2018.gdb\IndividualFlows\Fissure23Flow,SHAPE_Length,-1,-1,D:\mzoeller\Projects\GIS\KIL_LowerERZ_2018\Publication\KIL_LERZ_2018.gdb\IndividualFlows\Fissure24Flow,Shape_Length,-1,-1,D:\mzoeller\Projects\GIS\KIL_LowerERZ_2018\Publication\KIL_LERZ_2018.gdb\IndividualFlows\Fissures06and13Flow,Shape_Length,-1,-1,D:\mzoeller\Projects\GIS\KIL_LowerERZ_2018\Publication\KIL_LERZ_2018.gdb\IndividualFlows\Fissures07and21Flow,Shape_Length,-1,-1;SHAPE_Area "SHAPE_Area" false true true 8 Double 0 0 ,First,#,D:\mzoeller\Projects\GIS\KIL_LowerERZ_2018\Publication\KIL_LERZ_2018.gdb\IndividualFlows\Fissure01Flow,SHAPE_Area,-1,-1,D:\mzoeller\Projects\GIS\KIL_LowerERZ_2018\Publication\KIL_LERZ_2018.gdb\IndividualFlows\Fissure02Flow,SHAPE_Area,-1,-1,D:\mzoeller\Projects\GIS\KIL_LowerERZ_2018\Publication\KIL_LERZ_2018.gdb\IndividualFlows\Fissure03Flow,SHAPE_Area,-1,-1,D:\mzoeller\Projects\GIS\KIL_LowerERZ_2018\Publication\KIL_LERZ_2018.gdb\IndividualFlows\Fissure04Flow,SHAPE_Area,-1,-1,D:\mzoeller\Projects\GIS\KIL_LowerERZ_2018\Publication\KIL_LERZ_2018.gdb\IndividualFlows\Fissure05Flow,SHAPE_Area,-1,-1,D:\mzoeller\Projects\GIS\KIL_LowerERZ_2018\Publication\KIL_LERZ_2018.gdb\IndividualFlows\Fissure06Flow,SHAPE_Area,-1,-1,D:\mzoeller\Projects\GIS\KIL_LowerERZ_2018\Publication\KIL_LERZ_2018.gdb\IndividualFlows\Fissure07Flow,SHAPE_Area,-1,-1,D:\mzoeller\Projects\GIS\KIL_LowerERZ_2018\Publication\KIL_LERZ_2018.gdb\IndividualFlows\Fissure08FlowA,SHAPE_Area,-1,-1,D:\mzoeller\Projects\GIS\KIL_LowerERZ_2018\Publication\KIL_LERZ_2018.gdb\IndividualFlows\Fissure08FlowB,Shape_Area,-1,-1,D:\mzoeller\Projects\GIS\KIL_LowerERZ_2018\Publication\KIL_LERZ_2018.gdb\IndividualFlows\Fissure09Flow,SHAPE_Area,-1,-1,D:\mzoeller\Projects\GIS\KIL_LowerERZ_2018\Publication\KIL_LERZ_2018.gdb\IndividualFlows\Fissure10Flow,SHAPE_Area,-1,-1,D:\mzoeller\Projects\GIS\KIL_LowerERZ_2018\Publication\KIL_LERZ_2018.gdb\IndividualFlows\Fissure11Flow,SHAPE_Area,-1,-1,D:\mzoeller\Projects\GIS\KIL_LowerERZ_2018\Publication\KIL_LERZ_2018.gdb\IndividualFlows\Fissure12Flow,SHAPE_Area,-1,-1,D:\mzoeller\Projects\GIS\KIL_LowerERZ_2018\Publication\KIL_LERZ_2018.gdb\IndividualFlows\Fissure13Flow,SHAPE_Area,-1,-1,D:\mzoeller\Projects\GIS\KIL_LowerERZ_2018\Publication\KIL_LERZ_2018.gdb\IndividualFlows\Fissure14Flow,SHAPE_Area,-1,-1,D:\mzoeller\Projects\GIS\KIL_LowerERZ_2018\Publication\KIL_LERZ_2018.gdb\IndividualFlows\Fissure15FlowA,SHAPE_Area,-1,-1,D:\mzoeller\Projects\GIS\KIL_LowerERZ_2018\Publication\KIL_LERZ_2018.gdb\IndividualFlows\Fissure15FlowB,SHAPE_Area,-1,-1,D:\mzoeller\Projects\GIS\KIL_LowerERZ_2018\Publication\KIL_LERZ_2018.gdb\IndividualFlows\Fissure16Flow,Shape_Area,-1,-1,D:\mzoeller\Projects\GIS\KIL_LowerERZ_2018\Publication\KIL_LERZ_2018.gdb\IndividualFlows\Fissure17Flow,SHAPE_Area,-1,-1,D:\mzoeller\Projects\GIS\KIL_LowerERZ_2018\Publication\KIL_LERZ_2018.gdb\IndividualFlows\Fissure18Flow,Shape_Area,-1,-1,D:\mzoeller\Projects\GIS\KIL_LowerERZ_2018\Publication\KIL_LERZ_2018.gdb\IndividualFlows\Fissure19Flow,Shape_Area,-1,-1,D:\mzoeller\Projects\GIS\KIL_LowerERZ_2018\Publication\KIL_LERZ_2018.gdb\IndividualFlows\Fissure20Flow,Shape_Area,-1,-1,D:\mzoeller\Projects\GIS\KIL_LowerERZ_2018\Publication\KIL_LERZ_2018.gdb\IndividualFlows\Fissure21Flow,SHAPE_Area,-1,-1,D:\mzoeller\Projects\GIS\KIL_LowerERZ_2018\Publication\KIL_LERZ_2018.gdb\IndividualFlows\Fissure22Flow,Shape_Area,-1,-1,D:\mzoeller\Projects\GIS\KIL_LowerERZ_2018\Publication\KIL_LERZ_2018.gdb\IndividualFlows\Fissure23Flow,SHAPE_Area,-1,-1,D:\mzoeller\Projects\GIS\KIL_LowerERZ_2018\Publication\KIL_LERZ_2018.gdb\IndividualFlows\Fissure24Flow,Shape_Area,-1,-1,D:\mzoeller\Projects\GIS\KIL_LowerERZ_2018\Publication\KIL_LERZ_2018.gdb\IndividualFlows\Fissures06and13Flow,Shape_Area,-1,-1,D:\mzoeller\Projects\GIS\KIL_LowerERZ_2018\Publication\KIL_LERZ_2018.gdb\IndividualFlows\Fissures07and21Flow,Shape_Area,-1,-1;Fissure "Fissure" true true false 10 Text 0 0 ,First,#,D:\mzoeller\Projects\GIS\KIL_LowerERZ_2018\Publication\KIL_LERZ_2018.gdb\IndividualFlows\Fissure08FlowB,FissSource,-1,-1,D:\mzoeller\Projects\GIS\KIL_LowerERZ_2018\Publication\KIL_LERZ_2018.gdb\IndividualFlows\Fissure16Flow,FissSource,-1,-1,D:\mzoeller\Projects\GIS\KIL_LowerERZ_2018\Publication\KIL_LERZ_2018.gdb\IndividualFlows\Fissure18Flow,FissSource,-1,-1,D:\mzoeller\Projects\GIS\KIL_LowerERZ_2018\Publication\KIL_LERZ_2018.gdb\IndividualFlows\Fissure19Flow,FissSource,-1,-1,D:\mzoeller\Projects\GIS\KIL_LowerERZ_2018\Publication\KIL_LERZ_2018.gdb\IndividualFlows\Fissure20Flow,FIssSource,-1,-1,D:\mzoeller\Projects\GIS\KIL_LowerERZ_2018\Publication\KIL_LERZ_2018.gdb\IndividualFlows\Fissure22Flow,FissSource,-1,-1,D:\mzoeller\Projects\GIS\KIL_LowerERZ_2018\Publication\KIL_LERZ_2018.gdb\IndividualFlows\Fissure24Flow,FissSource,-1,-1,D:\mzoeller\Projects\GIS\KIL_LowerERZ_2018\Publication\KIL_LERZ_2018.gdb\IndividualFlows\Fissures06and13Flow,FissSource,-1,-1,D:\mzoeller\Projects\GIS\KIL_LowerERZ_2018\Publication\KIL_LERZ_2018.gdb\IndividualFlows\Fissures07and21Flow,FissSource,-1,-1"</Process><Process ToolSource="c:\arcgis\desktop10.6\ArcToolbox\Toolboxes\Data Management Tools.tbx\CalculateField" Date="20191209" Time="152215">CalculateField AllFlowsOverlapping Fissure "05" PYTHON_9.3 #</Process><Process ToolSource="c:\arcgis\desktop10.6\ArcToolbox\Toolboxes\Data Management Tools.tbx\Merge" Date="20191210" Time="093904">Merge D:\mzoeller\Projects\GIS\KIL_LowerERZ_2018\Publication\KIL_LERZ_2018.gdb\IndividualFlows\Fissure01Flow;D:\mzoeller\Projects\GIS\KIL_LowerERZ_2018\Publication\KIL_LERZ_2018.gdb\IndividualFlows\Fissure02Flow;D:\mzoeller\Projects\GIS\KIL_LowerERZ_2018\Publication\KIL_LERZ_2018.gdb\IndividualFlows\Fissure03Flow;D:\mzoeller\Projects\GIS\KIL_LowerERZ_2018\Publication\KIL_LERZ_2018.gdb\IndividualFlows\Fissure04Flow;D:\mzoeller\Projects\GIS\KIL_LowerERZ_2018\Publication\KIL_LERZ_2018.gdb\IndividualFlows\Fissure05Flow;D:\mzoeller\Projects\GIS\KIL_LowerERZ_2018\Publication\KIL_LERZ_2018.gdb\IndividualFlows\Fissure06Flow;D:\mzoeller\Projects\GIS\KIL_LowerERZ_2018\Publication\KIL_LERZ_2018.gdb\IndividualFlows\Fissure07Flow;D:\mzoeller\Projects\GIS\KIL_LowerERZ_2018\Publication\KIL_LERZ_2018.gdb\IndividualFlows\Fissure08FlowA;D:\mzoeller\Projects\GIS\KIL_LowerERZ_2018\Publication\KIL_LERZ_2018.gdb\IndividualFlows\Fissure08FlowB;D:\mzoeller\Projects\GIS\KIL_LowerERZ_2018\Publication\KIL_LERZ_2018.gdb\IndividualFlows\Fissure09Flow;D:\mzoeller\Projects\GIS\KIL_LowerERZ_2018\Publication\KIL_LERZ_2018.gdb\IndividualFlows\Fissure10Flow;D:\mzoeller\Projects\GIS\KIL_LowerERZ_2018\Publication\KIL_LERZ_2018.gdb\IndividualFlows\Fissure11Flow;D:\mzoeller\Projects\GIS\KIL_LowerERZ_2018\Publication\KIL_LERZ_2018.gdb\IndividualFlows\Fissure12Flow;D:\mzoeller\Projects\GIS\KIL_LowerERZ_2018\Publication\KIL_LERZ_2018.gdb\IndividualFlows\Fissure13Flow;D:\mzoeller\Projects\GIS\KIL_LowerERZ_2018\Publication\KIL_LERZ_2018.gdb\IndividualFlows\Fissure14Flow;D:\mzoeller\Projects\GIS\KIL_LowerERZ_2018\Publication\KIL_LERZ_2018.gdb\IndividualFlows\Fissure15FlowA;D:\mzoeller\Projects\GIS\KIL_LowerERZ_2018\Publication\KIL_LERZ_2018.gdb\IndividualFlows\Fissure15FlowB;D:\mzoeller\Projects\GIS\KIL_LowerERZ_2018\Publication\KIL_LERZ_2018.gdb\IndividualFlows\Fissure16Flow;D:\mzoeller\Projects\GIS\KIL_LowerERZ_2018\Publication\KIL_LERZ_2018.gdb\IndividualFlows\Fissure17Flow;D:\mzoeller\Projects\GIS\KIL_LowerERZ_2018\Publication\KIL_LERZ_2018.gdb\IndividualFlows\Fissure18Flow;D:\mzoeller\Projects\GIS\KIL_LowerERZ_2018\Publication\KIL_LERZ_2018.gdb\IndividualFlows\Fissure19Flow;D:\mzoeller\Projects\GIS\KIL_LowerERZ_2018\Publication\KIL_LERZ_2018.gdb\IndividualFlows\Fissure20Flow;D:\mzoeller\Projects\GIS\KIL_LowerERZ_2018\Publication\KIL_LERZ_2018.gdb\IndividualFlows\Fissure21Flow;D:\mzoeller\Projects\GIS\KIL_LowerERZ_2018\Publication\KIL_LERZ_2018.gdb\IndividualFlows\Fissure22Flow;D:\mzoeller\Projects\GIS\KIL_LowerERZ_2018\Publication\KIL_LERZ_2018.gdb\IndividualFlows\Fissure23Flow;D:\mzoeller\Projects\GIS\KIL_LowerERZ_2018\Publication\KIL_LERZ_2018.gdb\IndividualFlows\Fissure24Flow;D:\mzoeller\Projects\GIS\KIL_LowerERZ_2018\Publication\KIL_LERZ_2018.gdb\IndividualFlows\Fissures06And13Flow;D:\mzoeller\Projects\GIS\KIL_LowerERZ_2018\Publication\KIL_LERZ_2018.gdb\IndividualFlows\Fissures07And21Flow D:\mzoeller\Projects\GIS\KIL_LowerERZ_2018\Publication\KIL_LERZ_2018.gdb\AllFlowsOverlap "FissSource "FissSource" true true false 10 Text 0 0 ,First,#,D:\mzoeller\Projects\GIS\KIL_LowerERZ_2018\Publication\KIL_LERZ_2018.gdb\IndividualFlows\Fissure01Flow,FissSource,-1,-1,D:\mzoeller\Projects\GIS\KIL_LowerERZ_2018\Publication\KIL_LERZ_2018.gdb\IndividualFlows\Fissure02Flow,FissSource,-1,-1,D:\mzoeller\Projects\GIS\KIL_LowerERZ_2018\Publication\KIL_LERZ_2018.gdb\IndividualFlows\Fissure03Flow,FissSource,-1,-1,D:\mzoeller\Projects\GIS\KIL_LowerERZ_2018\Publication\KIL_LERZ_2018.gdb\IndividualFlows\Fissure04Flow,FissSource,-1,-1,D:\mzoeller\Projects\GIS\KIL_LowerERZ_2018\Publication\KIL_LERZ_2018.gdb\IndividualFlows\Fissure05Flow,FissSource,-1,-1,D:\mzoeller\Projects\GIS\KIL_LowerERZ_2018\Publication\KIL_LERZ_2018.gdb\IndividualFlows\Fissure06Flow,FissSource,-1,-1,D:\mzoeller\Projects\GIS\KIL_LowerERZ_2018\Publication\KIL_LERZ_2018.gdb\IndividualFlows\Fissure07Flow,FissSource,-1,-1,D:\mzoeller\Projects\GIS\KIL_LowerERZ_2018\Publication\KIL_LERZ_2018.gdb\IndividualFlows\Fissure08FlowA,FissSource,-1,-1,D:\mzoeller\Projects\GIS\KIL_LowerERZ_2018\Publication\KIL_LERZ_2018.gdb\IndividualFlows\Fissure08FlowB,FissSource,-1,-1,D:\mzoeller\Projects\GIS\KIL_LowerERZ_2018\Publication\KIL_LERZ_2018.gdb\IndividualFlows\Fissure09Flow,FissSource,-1,-1,D:\mzoeller\Projects\GIS\KIL_LowerERZ_2018\Publication\KIL_LERZ_2018.gdb\IndividualFlows\Fissure10Flow,FissSource,-1,-1,D:\mzoeller\Projects\GIS\KIL_LowerERZ_2018\Publication\KIL_LERZ_2018.gdb\IndividualFlows\Fissure11Flow,FissSource,-1,-1,D:\mzoeller\Projects\GIS\KIL_LowerERZ_2018\Publication\KIL_LERZ_2018.gdb\IndividualFlows\Fissure12Flow,FissSource,-1,-1,D:\mzoeller\Projects\GIS\KIL_LowerERZ_2018\Publication\KIL_LERZ_2018.gdb\IndividualFlows\Fissure13Flow,FissSource,-1,-1,D:\mzoeller\Projects\GIS\KIL_LowerERZ_2018\Publication\KIL_LERZ_2018.gdb\IndividualFlows\Fissure14Flow,FissSource,-1,-1,D:\mzoeller\Projects\GIS\KIL_LowerERZ_2018\Publication\KIL_LERZ_2018.gdb\IndividualFlows\Fissure15FlowA,FissSource,-1,-1,D:\mzoeller\Projects\GIS\KIL_LowerERZ_2018\Publication\KIL_LERZ_2018.gdb\IndividualFlows\Fissure15FlowB,FissSource,-1,-1,D:\mzoeller\Projects\GIS\KIL_LowerERZ_2018\Publication\KIL_LERZ_2018.gdb\IndividualFlows\Fissure16Flow,FissSource,-1,-1,D:\mzoeller\Projects\GIS\KIL_LowerERZ_2018\Publication\KIL_LERZ_2018.gdb\IndividualFlows\Fissure17Flow,FissSource,-1,-1,D:\mzoeller\Projects\GIS\KIL_LowerERZ_2018\Publication\KIL_LERZ_2018.gdb\IndividualFlows\Fissure18Flow,FissSource,-1,-1,D:\mzoeller\Projects\GIS\KIL_LowerERZ_2018\Publication\KIL_LERZ_2018.gdb\IndividualFlows\Fissure19Flow,FissSource,-1,-1,D:\mzoeller\Projects\GIS\KIL_LowerERZ_2018\Publication\KIL_LERZ_2018.gdb\IndividualFlows\Fissure20Flow,FissSource,-1,-1,D:\mzoeller\Projects\GIS\KIL_LowerERZ_2018\Publication\KIL_LERZ_2018.gdb\IndividualFlows\Fissure21Flow,FissSource,-1,-1,D:\mzoeller\Projects\GIS\KIL_LowerERZ_2018\Publication\KIL_LERZ_2018.gdb\IndividualFlows\Fissure22Flow,FissSource,-1,-1,D:\mzoeller\Projects\GIS\KIL_LowerERZ_2018\Publication\KIL_LERZ_2018.gdb\IndividualFlows\Fissure23Flow,FissSource,-1,-1,D:\mzoeller\Projects\GIS\KIL_LowerERZ_2018\Publication\KIL_LERZ_2018.gdb\IndividualFlows\Fissure24Flow,FissSource,-1,-1,D:\mzoeller\Projects\GIS\KIL_LowerERZ_2018\Publication\KIL_LERZ_2018.gdb\IndividualFlows\Fissures06And13Flow,FissSource,-1,-1,D:\mzoeller\Projects\GIS\KIL_LowerERZ_2018\Publication\KIL_LERZ_2018.gdb\IndividualFlows\Fissures07And21Flow,FissSource,-1,-1;Shape_Length "Shape_Length" false true true 8 Double 0 0 ,First,#,D:\mzoeller\Projects\GIS\KIL_LowerERZ_2018\Publication\KIL_LERZ_2018.gdb\IndividualFlows\Fissure01Flow,Shape_Length,-1,-1,D:\mzoeller\Projects\GIS\KIL_LowerERZ_2018\Publication\KIL_LERZ_2018.gdb\IndividualFlows\Fissure02Flow,Shape_Length,-1,-1,D:\mzoeller\Projects\GIS\KIL_LowerERZ_2018\Publication\KIL_LERZ_2018.gdb\IndividualFlows\Fissure03Flow,Shape_Length,-1,-1,D:\mzoeller\Projects\GIS\KIL_LowerERZ_2018\Publication\KIL_LERZ_2018.gdb\IndividualFlows\Fissure04Flow,Shape_Length,-1,-1,D:\mzoeller\Projects\GIS\KIL_LowerERZ_2018\Publication\KIL_LERZ_2018.gdb\IndividualFlows\Fissure05Flow,Shape_Length,-1,-1,D:\mzoeller\Projects\GIS\KIL_LowerERZ_2018\Publication\KIL_LERZ_2018.gdb\IndividualFlows\Fissure06Flow,Shape_Length,-1,-1,D:\mzoeller\Projects\GIS\KIL_LowerERZ_2018\Publication\KIL_LERZ_2018.gdb\IndividualFlows\Fissure07Flow,Shape_Length,-1,-1,D:\mzoeller\Projects\GIS\KIL_LowerERZ_2018\Publication\KIL_LERZ_2018.gdb\IndividualFlows\Fissure08FlowA,Shape_Length,-1,-1,D:\mzoeller\Projects\GIS\KIL_LowerERZ_2018\Publication\KIL_LERZ_2018.gdb\IndividualFlows\Fissure08FlowB,Shape_Length,-1,-1,D:\mzoeller\Projects\GIS\KIL_LowerERZ_2018\Publication\KIL_LERZ_2018.gdb\IndividualFlows\Fissure09Flow,Shape_Length,-1,-1,D:\mzoeller\Projects\GIS\KIL_LowerERZ_2018\Publication\KIL_LERZ_2018.gdb\IndividualFlows\Fissure10Flow,Shape_Length,-1,-1,D:\mzoeller\Projects\GIS\KIL_LowerERZ_2018\Publication\KIL_LERZ_2018.gdb\IndividualFlows\Fissure11Flow,Shape_Length,-1,-1,D:\mzoeller\Projects\GIS\KIL_LowerERZ_2018\Publication\KIL_LERZ_2018.gdb\IndividualFlows\Fissure12Flow,Shape_Length,-1,-1,D:\mzoeller\Projects\GIS\KIL_LowerERZ_2018\Publication\KIL_LERZ_2018.gdb\IndividualFlows\Fissure13Flow,Shape_Length,-1,-1,D:\mzoeller\Projects\GIS\KIL_LowerERZ_2018\Publication\KIL_LERZ_2018.gdb\IndividualFlows\Fissure14Flow,Shape_Length,-1,-1,D:\mzoeller\Projects\GIS\KIL_LowerERZ_2018\Publication\KIL_LERZ_2018.gdb\IndividualFlows\Fissure15FlowA,Shape_Length,-1,-1,D:\mzoeller\Projects\GIS\KIL_LowerERZ_2018\Publication\KIL_LERZ_2018.gdb\IndividualFlows\Fissure15FlowB,Shape_Length,-1,-1,D:\mzoeller\Projects\GIS\KIL_LowerERZ_2018\Publication\KIL_LERZ_2018.gdb\IndividualFlows\Fissure16Flow,Shape_Length,-1,-1,D:\mzoeller\Projects\GIS\KIL_LowerERZ_2018\Publication\KIL_LERZ_2018.gdb\IndividualFlows\Fissure17Flow,Shape_Length,-1,-1,D:\mzoeller\Projects\GIS\KIL_LowerERZ_2018\Publication\KIL_LERZ_2018.gdb\IndividualFlows\Fissure18Flow,Shape_Length,-1,-1,D:\mzoeller\Projects\GIS\KIL_LowerERZ_2018\Publication\KIL_LERZ_2018.gdb\IndividualFlows\Fissure19Flow,Shape_Length,-1,-1,D:\mzoeller\Projects\GIS\KIL_LowerERZ_2018\Publication\KIL_LERZ_2018.gdb\IndividualFlows\Fissure20Flow,Shape_Length,-1,-1,D:\mzoeller\Projects\GIS\KIL_LowerERZ_2018\Publication\KIL_LERZ_2018.gdb\IndividualFlows\Fissure21Flow,Shape_Length,-1,-1,D:\mzoeller\Projects\GIS\KIL_LowerERZ_2018\Publication\KIL_LERZ_2018.gdb\IndividualFlows\Fissure22Flow,Shape_Length,-1,-1,D:\mzoeller\Projects\GIS\KIL_LowerERZ_2018\Publication\KIL_LERZ_2018.gdb\IndividualFlows\Fissure23Flow,Shape_Length,-1,-1,D:\mzoeller\Projects\GIS\KIL_LowerERZ_2018\Publication\KIL_LERZ_2018.gdb\IndividualFlows\Fissure24Flow,Shape_Length,-1,-1,D:\mzoeller\Projects\GIS\KIL_LowerERZ_2018\Publication\KIL_LERZ_2018.gdb\IndividualFlows\Fissures06And13Flow,Shape_Length,-1,-1,D:\mzoeller\Projects\GIS\KIL_LowerERZ_2018\Publication\KIL_LERZ_2018.gdb\IndividualFlows\Fissures07And21Flow,Shape_Length,-1,-1;Shape_Area "Shape_Area" false true true 8 Double 0 0 ,First,#,D:\mzoeller\Projects\GIS\KIL_LowerERZ_2018\Publication\KIL_LERZ_2018.gdb\IndividualFlows\Fissure01Flow,Shape_Area,-1,-1,D:\mzoeller\Projects\GIS\KIL_LowerERZ_2018\Publication\KIL_LERZ_2018.gdb\IndividualFlows\Fissure02Flow,Shape_Area,-1,-1,D:\mzoeller\Projects\GIS\KIL_LowerERZ_2018\Publication\KIL_LERZ_2018.gdb\IndividualFlows\Fissure03Flow,Shape_Area,-1,-1,D:\mzoeller\Projects\GIS\KIL_LowerERZ_2018\Publication\KIL_LERZ_2018.gdb\IndividualFlows\Fissure04Flow,Shape_Area,-1,-1,D:\mzoeller\Projects\GIS\KIL_LowerERZ_2018\Publication\KIL_LERZ_2018.gdb\IndividualFlows\Fissure05Flow,Shape_Area,-1,-1,D:\mzoeller\Projects\GIS\KIL_LowerERZ_2018\Publication\KIL_LERZ_2018.gdb\IndividualFlows\Fissure06Flow,Shape_Area,-1,-1,D:\mzoeller\Projects\GIS\KIL_LowerERZ_2018\Publication\KIL_LERZ_2018.gdb\IndividualFlows\Fissure07Flow,Shape_Area,-1,-1,D:\mzoeller\Projects\GIS\KIL_LowerERZ_2018\Publication\KIL_LERZ_2018.gdb\IndividualFlows\Fissure08FlowA,Shape_Area,-1,-1,D:\mzoeller\Projects\GIS\KIL_LowerERZ_2018\Publication\KIL_LERZ_2018.gdb\IndividualFlows\Fissure08FlowB,Shape_Area,-1,-1,D:\mzoeller\Projects\GIS\KIL_LowerERZ_2018\Publication\KIL_LERZ_2018.gdb\IndividualFlows\Fissure09Flow,Shape_Area,-1,-1,D:\mzoeller\Projects\GIS\KIL_LowerERZ_2018\Publication\KIL_LERZ_2018.gdb\IndividualFlows\Fissure10Flow,Shape_Area,-1,-1,D:\mzoeller\Projects\GIS\KIL_LowerERZ_2018\Publication\KIL_LERZ_2018.gdb\IndividualFlows\Fissure11Flow,Shape_Area,-1,-1,D:\mzoeller\Projects\GIS\KIL_LowerERZ_2018\Publication\KIL_LERZ_2018.gdb\IndividualFlows\Fissure12Flow,Shape_Area,-1,-1,D:\mzoeller\Projects\GIS\KIL_LowerERZ_2018\Publication\KIL_LERZ_2018.gdb\IndividualFlows\Fissure13Flow,Shape_Area,-1,-1,D:\mzoeller\Projects\GIS\KIL_LowerERZ_2018\Publication\KIL_LERZ_2018.gdb\IndividualFlows\Fissure14Flow,Shape_Area,-1,-1,D:\mzoeller\Projects\GIS\KIL_LowerERZ_2018\Publication\KIL_LERZ_2018.gdb\IndividualFlows\Fissure15FlowA,Shape_Area,-1,-1,D:\mzoeller\Projects\GIS\KIL_LowerERZ_2018\Publication\KIL_LERZ_2018.gdb\IndividualFlows\Fissure15FlowB,Shape_Area,-1,-1,D:\mzoeller\Projects\GIS\KIL_LowerERZ_2018\Publication\KIL_LERZ_2018.gdb\IndividualFlows\Fissure16Flow,Shape_Area,-1,-1,D:\mzoeller\Projects\GIS\KIL_LowerERZ_2018\Publication\KIL_LERZ_2018.gdb\IndividualFlows\Fissure17Flow,Shape_Area,-1,-1,D:\mzoeller\Projects\GIS\KIL_LowerERZ_2018\Publication\KIL_LERZ_2018.gdb\IndividualFlows\Fissure18Flow,Shape_Area,-1,-1,D:\mzoeller\Projects\GIS\KIL_LowerERZ_2018\Publication\KIL_LERZ_2018.gdb\IndividualFlows\Fissure19Flow,Shape_Area,-1,-1,D:\mzoeller\Projects\GIS\KIL_LowerERZ_2018\Publication\KIL_LERZ_2018.gdb\IndividualFlows\Fissure20Flow,Shape_Area,-1,-1,D:\mzoeller\Projects\GIS\KIL_LowerERZ_2018\Publication\KIL_LERZ_2018.gdb\IndividualFlows\Fissure21Flow,Shape_Area,-1,-1,D:\mzoeller\Projects\GIS\KIL_LowerERZ_2018\Publication\KIL_LERZ_2018.gdb\IndividualFlows\Fissure22Flow,Shape_Area,-1,-1,D:\mzoeller\Projects\GIS\KIL_LowerERZ_2018\Publication\KIL_LERZ_2018.gdb\IndividualFlows\Fissure23Flow,Shape_Area,-1,-1,D:\mzoeller\Projects\GIS\KIL_LowerERZ_2018\Publication\KIL_LERZ_2018.gdb\IndividualFlows\Fissure24Flow,Shape_Area,-1,-1,D:\mzoeller\Projects\GIS\KIL_LowerERZ_2018\Publication\KIL_LERZ_2018.gdb\IndividualFlows\Fissures06And13Flow,Shape_Area,-1,-1,D:\mzoeller\Projects\GIS\KIL_LowerERZ_2018\Publication\KIL_LERZ_2018.gdb\IndividualFlows\Fissures07And21Flow,Shape_Area,-1,-1"</Process><Process ToolSource="c:\arcgis\desktop10.6\ArcToolbox\Toolboxes\Conversion Tools.tbx\FeatureClassToFeatureClass" Date="20191213" Time="150417">FeatureClassToFeatureClass D:\mzoeller\Projects\GIS\KIL_LowerERZ_2018\Publication\KIL_LERZ_2018.gdb\FlowsOverlap1 D:\mzoeller\Projects\GIS\KIL_LowerERZ_2018\Publication\KIL_LERZ_2018.gdb FlowsOverlap # "FissSource "FissSource" true true false 10 Text 0 0 ,First,#,D:\mzoeller\Projects\GIS\KIL_LowerERZ_2018\Publication\KIL_LERZ_2018.gdb\FlowsOverlap1,FissSource,-1,-1;Shape_Length "Shape_Length" false true true 8 Double 0 0 ,First,#,D:\mzoeller\Projects\GIS\KIL_LowerERZ_2018\Publication\KIL_LERZ_2018.gdb\FlowsOverlap1,Shape_Length,-1,-1;Shape_Area "Shape_Area" false true true 8 Double 0 0 ,First,#,D:\mzoeller\Projects\GIS\KIL_LowerERZ_2018\Publication\KIL_LERZ_2018.gdb\FlowsOverlap1,Shape_Area,-1,-1;DataSource "DataSource" true true false 254 Text 0 0 ,First,#,D:\mzoeller\Projects\GIS\KIL_LowerERZ_2018\Publication\KIL_LERZ_2018.gdb\FlowsOverlap1,DataSource,-1,-1" #</Process><Process ToolSource="c:\arcgis\desktop10.6\ArcToolbox\Toolboxes\Data Management Tools.tbx\CalculateField" Date="20191213" Time="151539">CalculateField FlowsOverlap DataSource "Constructed from FlowsOverlapLines features." PYTHON_9.3 #</Process></lineage></DataProperties><SyncDate>20200522</SyncDate><SyncTime>10390500</SyncTime><ModDate>20200522</ModDate><ModTime>10390500</ModTime></Esri><mdLang><languageCode value="eng"/><countryCode value="USA" Sync="TRUE"></countryCode></mdLang><mdChar><CharSetCd value="004"/></mdChar><mdHrLv><ScopeCd value="005"/></mdHrLv><mdContact><rpIndName>Michael Zoeller</rpIndName><rpOrgName>U.S. Geological Survey</rpOrgName><rpPosName>Geologist</rpPosName><rpCntInfo><cntPhone><voiceNum>808-967-8848</voiceNum></cntPhone><cntAddress addressType="both"><delPoint>Hawaiian Volcano Observatory</delPoint><delPoint>Suite A8</delPoint><delPoint>1266 Kamehameha Avenue</delPoint><city>Hilo</city><adminArea>Hawaii</adminArea><postCode>96720</postCode><country>United States of America</country><eMailAdd>mzoeller@usgs.gov</eMailAdd></cntAddress><cntInstr>Preferred contact by e-mail. This mailing and physical address is temporary.</cntInstr></rpCntInfo><role><RoleCd value="007"/></role></mdContact><mdDateSt>20191211</mdDateSt><mdStanName>ArcGIS Metadata</mdStanName><mdStanVer>1.0</mdStanVer><distInfo><distributor><distorCont><rpIndName>ScienceBase</rpIndName><rpOrgName>U.S. Geological Survey</rpOrgName><rpCntInfo><cntPhone><voiceNum>1-888-ASK-USGS</voiceNum></cntPhone><cntAddress addressType="postal"><delPoint>Building 810</delPoint><delPoint>Mail Stop 302</delPoint><delPoint>Denver Federal Center</delPoint><city>Denver</city><adminArea>Colorado</adminArea><postCode>80225</postCode><country>United States of America</country><eMailAdd>sciencebase@usgs.gov</eMailAdd></cntAddress></rpCntInfo><role><RoleCd value="005"/></role></distorCont><distorOrdPrc><resFees>No fees for digital files.</resFees><planAvDtTm>2020-01-01</planAvDtTm></distorOrdPrc><distorFormat><formatName>ARCE</formatName><formatVer>ArcGIS 10.6.1</formatVer><fileDecmTech>Winzip</fileDecmTech><formatInfo>Esri file geodatabase and Esri shapefiles.</formatInfo></distorFormat><distorTran><onLineSrc><linkage>https://doi.org/10.5066/P9S7UQKQ</linkage></onLineSrc></distorTran></distributor><distFormat><formatName Sync="TRUE">Shapefile</formatName></distFormat><distTranOps><transSize Sync="TRUE">0.003</transSize></distTranOps></distInfo><dataIdInfo><idCitation><resTitle>Kilauea 2018 lower East Rift Zone eruption - fissure 06 lava flow</resTitle><date><pubDate>2020-01-01</pubDate></date><citRespParty><rpOrgName>Wessels, Rick L.</rpOrgName><role><RoleCd value="006"/></role></citRespParty><citRespParty><rpOrgName>Fisher, Gary B.</rpOrgName><role><RoleCd value="006"/></role></citRespParty><citRespParty><rpOrgName>Bard, Joseph A.</rpOrgName><role><RoleCd value="006"/></role></citRespParty><citRespParty><rpOrgName>Robinson, Joel E.</rpOrgName><role><RoleCd value="006"/></role></citRespParty><citRespParty><rpOrgName>Peters, Jeff</rpOrgName><role><RoleCd value="006"/></role></citRespParty><citRespParty><rpOrgName>Perroy, Ryan L.</rpOrgName><role><RoleCd value="006"/></role></citRespParty><citRespParty><rpOrgName>Parcheta, Carolyn E.</rpOrgName><role><RoleCd value="006"/></role></citRespParty><citRespParty><rpOrgName>Mosbrucker, Adam R.</rpOrgName><role><RoleCd value="006"/></role></citRespParty><citRespParty><rpOrgName>Zoeller, Michael H.</rpOrgName><role><RoleCd value="006"/></role></citRespParty><presForm><PresFormCd value="005"/></presForm><presForm><fgdcGeoform>vector digital data</fgdcGeoform></presForm><collTitle>Geospatial database of the 2018 lower East Rift Zone eruption of Kilauea Volcano, Hawai'i</collTitle></idCitation><idAbs>The 2018 lower East Rift Zone eruption of Kilauea Volcano began in the late afternoon of 3 May, with fissure 1 opening and erupting lava onto Mohala Street in the Leilani Estates subdivision, part of the lower Puna District of the Island of Hawai'i. For the first week of the eruption, relatively viscous lava flowed only within a kilometer (0.6 miles) of the fissures within Leilani Estates, before activity shifted downrift (east-northeast) and out of the subdivision during mid-May. Around 18 May, activity along the lower East Rift Zone intensified, and fluid lava erupting at higher effusion rates from the downrift fissures reached the ocean within two days. Near the end of May, this more vigorous activity shifted back uprift into Leilani Estates, where fissure 8 reactivated with lava fountains feeding several 'a'a flows. The southernmost flow lobe developed into a well-defined lava channel and reached the ocean at Kapoho Bay - 11 kilometers (7 miles) away - on 3 June. Fissure 8 continued supplying this lava channel for more than two months, constructing an approximately 3.5-square-kilometer (1.4-square-mile) lava delta along the coastline. Over 4 and 5 August, activity at fissure 8 waned and flow in the lava channel came to a halt, only to be followed by weak activity within the vent in late August and early September. By then, the eruption had covered 35.5 square kilometers (13.7 square miles) of the lower Puna District with lava. In this report, the authors have sought to chronicle this sequence of events using geospatial data in the form of an Esri file geodatabase, Esri shapefiles, and Google Earth KMZs.</idAbs><idPurp>This geospatial database provides a digital representation of map data relating to the 2018 lower East Rift Zone eruption of Kilauea Volcano, Hawai'i; specifically, these geospatial data are versions - updated for accuracy - of those used to construct semi-daily lava-flow maps during the eruption, and they have been incorporated into maps for the U.S. Geological Survey Professional Paper chapter that is preliminarily titled "Chronological narrative for the 2018 eruption of Kilauea" by Parcheta, C.E. and others (in preparation). Feature data are also included for sample sites in the U.S. Geological Survey data release "Whole-rock and glass chemistry of lava samples collected during the 2018 lower East Rift Zone eruption of Kilauea" by Lee, R.L. and others (2019, accessed at https://doi.org/10.5066/P9LVY7GV). This report supersedes the "Preliminary map of the 2018 lower East Rift Zone eruption of Kilauea Volcano, Island of Hawai'i" by the Hawaiian Volcano Observatory staff (2018, accessed at https://doi.org/10.5066/P994OGY8). The content and character of the digital publication, as well as methods for obtaining the digital files, are described here. See Entity_and_Attribute_Information for positional accuracy of features and attribute data.</idPurp><idStatus><ProgCd value="001"/></idStatus><idPoC><rpIndName>Michael Zoeller</rpIndName><rpOrgName>U.S. Geological Survey</rpOrgName><rpPosName>Geologist</rpPosName><rpCntInfo><cntPhone><voiceNum>808-967-8848</voiceNum></cntPhone><cntAddress addressType="both"><delPoint>Hawaiian Volcano Observatory</delPoint><delPoint>Suite A8</delPoint><delPoint>1266 Kamehameha Avenue</delPoint><city>Hilo</city><adminArea>Hawaii</adminArea><postCode>96720</postCode><country>United States of America</country><eMailAdd>mzoeller@usgs.gov</eMailAdd></cntAddress><cntInstr>Preferred contact by e-mail. This mailing and physical address is temporary.</cntInstr></rpCntInfo><role><RoleCd value="007"/></role></idPoC><resMaint><maintFreq><MaintFreqCd value="011"/></maintFreq></resMaint><placeKeys><keyword>Pahoa North quadrangle</keyword><keyword>Waiopae</keyword><keyword>Green Lake</keyword><keyword>Kapoho OE N quadrangle</keyword><keyword>Island of Hawai'i</keyword><keyword>United States of America</keyword><keyword>Kapoho Bay</keyword><keyword>Pahoa South quadrangle</keyword><keyword>Vacationland Hawaii</keyword><keyword>Kapoho quadrangle</keyword><keyword>State of Hawaii</keyword><keyword>Puna District</keyword><keyword>Leilani Estates</keyword></placeKeys><tempKeys><keyword>Holocene</keyword><keyword>Quaternary</keyword></tempKeys><themeKeys><keyword>Fissure06Flow</keyword><keyword>Hawaii</keyword><keyword>map</keyword><keyword>shield volcano</keyword><keyword>individual lava flow</keyword><keyword>fissure 06 lava flow</keyword><keyword>andesite</keyword><keyword>lava flow</keyword><keyword>IndividualFlows</keyword><keyword>fissure 6 lava flow</keyword><keyword>Kilauea</keyword><keyword>volcano</keyword><keyword>lower East Rift Zone</keyword><keyword>basalt</keyword><keyword>geology</keyword><keyword>fissure 06 flow</keyword><keyword>lava</keyword><keyword>tholeiitic basalt</keyword><keyword>individual flow</keyword><keyword>fissure 6 flow</keyword><keyword>Hawai'i</keyword><keyword>basaltic andesite</keyword><keyword>East Rift Zone</keyword></themeKeys><searchKeys><keyword>Pahoa North quadrangle</keyword><keyword>Fissure06Flow</keyword><keyword>Hawaii</keyword><keyword>map</keyword><keyword>shield volcano</keyword><keyword>individual lava flow</keyword><keyword>Waiopae</keyword><keyword>fissure 06 lava flow</keyword><keyword>Green Lake</keyword><keyword>Kapoho OE N quadrangle</keyword><keyword>andesite</keyword><keyword>lava flow</keyword><keyword>Island of Hawai'i</keyword><keyword>IndividualFlows</keyword><keyword>fissure 6 lava flow</keyword><keyword>Holocene</keyword><keyword>Kilauea</keyword><keyword>United States of America</keyword><keyword>volcano</keyword><keyword>lower East Rift Zone</keyword><keyword>basalt</keyword><keyword>Kapoho Bay</keyword><keyword>geology</keyword><keyword>fissure 06 flow</keyword><keyword>Pahoa South quadrangle</keyword><keyword>Vacationland Hawaii</keyword><keyword>Kapoho quadrangle</keyword><keyword>lava</keyword><keyword>tholeiitic basalt</keyword><keyword>State of Hawaii</keyword><keyword>individual flow</keyword><keyword>Quaternary</keyword><keyword>fissure 6 flow</keyword><keyword>Hawai'i</keyword><keyword>basaltic andesite</keyword><keyword>Puna District</keyword><keyword>Leilani Estates</keyword><keyword>East Rift Zone</keyword></searchKeys><resConst><LegConsts><useLimit>This dataset has been approved for release and publication by the Director of the U.S. Geological Survey (USGS). Although the dataset has been subjected to rigorous review and is substantially complete, the USGS reserves the right to revise the data pursuant to further analysis and review. Furthermore, it is released on condition that neither the USGS nor the U.S. Government may be held liable for any damages resulting from its authorized or unauthorized use. All trademarks and trade names are the property of their respective owners. Any use of trade, product, or firm names is for descriptive purposes only and does not imply endorsement by the U.S. Government.</useLimit></LegConsts></resConst><resConst><Consts><useLimit>This geospatial database should not be used in any manner that violates the spatial resolution of approximately 2 millimeters (0.1 inches) at 1:5,000-scale, or 10 meters (33 feet) on the ground. Although digital geospatial data are not constrained by scale like paper maps, the inherent uncertainty of the source data is transferred to this database. The dataset was edited at a scale of 1:5,000; therefore, no data of higher resolution have been included. Displaying or analyzing the data at larger scales will not provide greater detail, and it may reveal irregularities that were not visible at the intended scale of 1:5,000. If these data are used alongside any higher-resolution digital data, the spatial resolution of the combined dataset will only be equal to that of the lowest-resolution data. Acknowledgment of the U.S. Geological Survey is appreciated in any products derived from this database.</useLimit></Consts></resConst><aggrInfo><aggrDSName><resTitle>Geospatial database of the 2018 lower East Rift Zone eruption of Kilauea Volcano, Hawai'i</resTitle><date><pubDate>2020-01-01</pubDate></date><citRespParty><rpOrgName>Robinson, Joel E.</rpOrgName><role><RoleCd value="006"/></role></citRespParty><citRespParty><rpOrgName>Mosbrucker, Adam R.</rpOrgName><role><RoleCd value="006"/></role></citRespParty><citRespParty><rpOrgName>Zoeller, Michael H.</rpOrgName><role><RoleCd value="006"/></role></citRespParty><citRespParty><rpOrgName>U.S. Geological Survey</rpOrgName><rpCntInfo><cntAddress><delPoint>Reston, Virginia</delPoint></cntAddress></rpCntInfo><role><RoleCd value="010"/></role></citRespParty><citRespParty><rpOrgName>Fisher, Gary B.</rpOrgName><role><RoleCd value="006"/></role></citRespParty><citRespParty><rpOrgName>Peters, Jeff</rpOrgName><role><RoleCd value="006"/></role></citRespParty><citRespParty><rpOrgName>Bard, Joseph A.</rpOrgName><role><RoleCd value="006"/></role></citRespParty><citRespParty><rpOrgName>Wessels, Rick L.</rpOrgName><role><RoleCd value="006"/></role></citRespParty><citRespParty><rpOrgName>Parcheta, Carolyn E.</rpOrgName><role><RoleCd value="006"/></role></citRespParty><citRespParty><rpOrgName>Perroy, Ryan L.</rpOrgName><role><RoleCd value="006"/></role></citRespParty><otherCitDet>Suggested citation: Zoeller, M.H., Perroy, R.L., Wessels, R.L., Fisher, G.B., Robinson, J.E., Bard, J.A., Peters, J., Mosbrucker, A.R., and Parcheta, C.E., 2020, Geospatial database of the 2018 lower East Rift Zone eruption of Kilauea Volcano, Hawai'i: U.S. Geological Survey data release, https://doi.org/10.5066/P9S7UQKQ.</otherCitDet><citOnlineRes><linkage>https://doi.org/10.5066/P9S7UQKQ</linkage></citOnlineRes></aggrDSName><assocType><AscTypeCd value="002"/></assocType></aggrInfo><spatRpType><SpatRepTypCd value="001"/></spatRpType><dataLang><languageCode value="eng"/><countryCode value="USA" Sync="TRUE"></countryCode></dataLang><tpCat><TopicCatCd value="008"/></tpCat><envirDesc>Version 6.2 (Build 9200); Esri ArcGIS 10.6.1.9270</envirDesc><dataExt><geoEle><GeoBndBox><westBL>-154.892463</westBL><eastBL>-154.891431</eastBL><southBL>19.471059</southBL><northBL>19.471634</northBL></GeoBndBox></geoEle></dataExt><dataExt><exDesc>ground condition</exDesc><tempEle><TempExtent><exTemp><TM_Instant><tmPosition>2018-01-01</tmPosition></TM_Instant></exTemp></TempExtent></tempEle><geoEle/></dataExt><suppInfo>These feature data consist of a polygon or polygons representing the fissure 6 lava flow. During the first week of the eruption, the fissure erupted a relatively small lava flow before deactivating. Later, after the increase in effusion around 18 May 2018, the fissure reactivated and - in conjunction with fissure 13 - erupted a significantly larger lava flow. The database was compiled in ArcMap, a commercial geographic information system (GIS) by Environmental Systems Research Institute (Esri) of Redlands, California. Any use of trade, product, or firm names is for descriptive purposes only and does not imply endorsement by the U.S. Government.</suppInfo><dataExt><geoEle><GeoBndBox esriExtentType="search"><exTypeCode Sync="TRUE">1</exTypeCode><westBL Sync="TRUE">-154.892463</westBL><eastBL Sync="TRUE">-154.891431</eastBL><northBL Sync="TRUE">19.471634</northBL><southBL Sync="TRUE">19.471059</southBL></GeoBndBox></geoEle></dataExt></dataIdInfo><mdConst><SecConsts><class><ClasscationCd value="001"/></class><classSys>None</classSys><handDesc>None</handDesc></SecConsts></mdConst><dqInfo><dqScope><scpLvl><ScopeCd value="005"/></scpLvl></dqScope><report type="DQTopConsis"><evalMethDesc>The polyline and polygon feature classes in the geodatabase were checked for various topologic errors, which were rectified if necessary.</evalMethDesc></report><report type="DQConcConsis"><measDesc>The polyline and polygon feature classes in the geodatabase were checked for various topologic errors, which were rectified if necessary.</measDesc></report><report type="DQCompOm"><measDesc>This report is intended to geospatially describe the volcanic products and features of the 2018 Kilauea lower East Rift Zone eruption. No further mapping is expected at this time.</measDesc></report><report type="DQQuanAttAcc"><measDesc>See Entity_and_Attribute_Information.</measDesc><evalMethDesc>Attribute accuracy is described, where applicable, in the Entity_and_Attribute_Information section.</evalMethDesc><measResult><QuanResult><quanVal>See Attribute_Accuracy_Explanation.</quanVal></QuanResult></measResult></report><report type="DQAbsExtPosAcc" dimension="horizontal"><measDesc>Although the horizontal positional accuracy of the source datasets is variable, this dataset has in general been edited at a scale of 1:5:000, therefore most horizontal positions should be accurate to within 2 millimeters (0.1 inches) at this scale, or 10 meters (33 feet) on the ground.</measDesc></report><report type="DQAbsExtPosAcc" dimension="vertical"><measDesc>No vertical positional accuracy information to report.</measDesc></report><dataLineage><prcStep><stepDesc>Fissure lines were realigned to better-georeferenced helicopter photography.</stepDesc><stepDateTm>2019-01-01</stepDateTm><stepProc><rpIndName>Michael Zoeller</rpIndName><rpOrgName>U.S. Geological Survey</rpOrgName><rpPosName>Geologist</rpPosName><rpCntInfo><cntPhone><voiceNum>808-967-8848</voiceNum></cntPhone><cntAddress addressType="both"><delPoint>Suite A8</delPoint><delPoint>1266 Kamehameha Avenue</delPoint><delPoint>Hawaiian Volcano Observatory</delPoint><city>Hilo</city><adminArea>Hawaii</adminArea><postCode>96720</postCode><country>United States of America</country><eMailAdd>mzoeller@usgs.gov</eMailAdd></cntAddress><cntInstr>Preferred contact by e-mail. This mailing and physical address is temporary.</cntInstr></rpCntInfo><role><RoleCd value="009"/></role></stepProc><stepSrc type="produced"><srcCitatn><resAltTitle>Zoeller and others (2020)</resAltTitle></srcCitatn></stepSrc></prcStep><prcStep><stepDesc>Metadata written for all Esri geodatabase feature classes and Esri shapefiles.</stepDesc><stepDateTm>2019-01-01</stepDateTm><stepProc><rpIndName>Michael Zoeller</rpIndName><rpOrgName>U.S. Geological Survey</rpOrgName><rpPosName>Geologist</rpPosName><rpCntInfo><cntPhone><voiceNum>808-967-8848</voiceNum></cntPhone><cntAddress addressType="both"><delPoint>Hawaiian Volcano Observatory</delPoint><delPoint>1266 Kamehameha Avenue</delPoint><delPoint>Suite A8</delPoint><city>Hilo</city><adminArea>Hawaii</adminArea><postCode>96720</postCode><country>United States of America</country><eMailAdd>mzoeller@usgs.gov</eMailAdd></cntAddress><cntInstr>Preferred contact by e-mail. This mailing and physical address is temporary.</cntInstr></rpCntInfo><role><RoleCd value="009"/></role></stepProc><stepSrc type="produced"><srcCitatn><resAltTitle>Zoeller and others (2020)</resAltTitle></srcCitatn></stepSrc></prcStep><prcStep><stepDesc>Isopach lines were manually drawn to fit unpublished fissure 8 tephra thickness data from Samantha Isgett (University of Hawai'i at Manoa) and Carolyn Parcheta (U.S. Geological Survey, Hawaiian Volcano Observatory).</stepDesc><stepDateTm>2019-01-01</stepDateTm><stepProc><rpIndName>Michael Zoeller</rpIndName><rpOrgName>U.S. Geological Survey</rpOrgName><rpPosName>Geologist</rpPosName><rpCntInfo><cntPhone><voiceNum>808-967-8848</voiceNum></cntPhone><cntAddress addressType="both"><delPoint>Suite A8</delPoint><delPoint>1266 Kamehameha Avenue</delPoint><delPoint>Hawaiian Volcano Observatory</delPoint><city>Hilo</city><adminArea>Hawaii</adminArea><postCode>96720</postCode><country>United States of America</country><eMailAdd>mzoeller@usgs.gov</eMailAdd></cntAddress><cntInstr>Preferred contact by e-mail. This mailing and physical address is temporary.</cntInstr></rpCntInfo><role><RoleCd value="009"/></role></stepProc><stepSrc type="produced"><srcCitatn><resAltTitle>Zoeller and others (2020)</resAltTitle></srcCitatn></stepSrc></prcStep><prcStep><stepDesc>Lava flow expansions were digitized (syn-eruption) as polygons from oblique helicopter photography (optical and thermal), small unoccupied aerial system (sUAS) photography (optical and thermal), and various satellite imagery sources.</stepDesc><stepDateTm>2018-01-01</stepDateTm><stepProc><rpIndName>Michael Zoeller</rpIndName><rpOrgName>U.S. Geological Survey</rpOrgName><rpPosName>Geologist</rpPosName><rpCntInfo><cntPhone><voiceNum>808-967-8848</voiceNum></cntPhone><cntAddress addressType="both"><delPoint>1266 Kamehameha Avenue</delPoint><delPoint>Hawaiian Volcano Observatory</delPoint><delPoint>Suite A8</delPoint><city>Hilo</city><adminArea>Hawaii</adminArea><postCode>96720</postCode><country>United States of America</country><eMailAdd>mzoeller@usgs.gov</eMailAdd></cntAddress><cntInstr>Preferred contact by e-mail. This mailing and physical address is temporary.</cntInstr></rpCntInfo><role><RoleCd value="009"/></role></stepProc><stepSrc type="produced"><srcCitatn><resAltTitle>Zoeller and others (2020)</resAltTitle></srcCitatn></stepSrc></prcStep><prcStep><stepDesc>Flow expansion polygons were cross-correlated with additional helicopter photography to enable attribution with more accurate emplacement dates/times when tracing flow chronology lines along the polygon boundaries. Erroneous flow chronology lines along the edges of the flow field were re-digitized from DigitalGlobe satellite imagery. New flow chronology polygons were constructed from the flow chronology lines and attributed according to the more accurate emplacement dates/times. Individual fissure flows were separated by analyzing helicopter photography and DigitalGlobe imagery.</stepDesc><stepDateTm>2019-01-01</stepDateTm><stepProc><rpIndName>Michael Zoeller</rpIndName><rpOrgName>U.S. Geological Survey</rpOrgName><rpPosName>Geologist</rpPosName><rpCntInfo><cntPhone><voiceNum>808-967-8848</voiceNum></cntPhone><cntAddress addressType="both"><delPoint>Hawaiian Volcano Observatory</delPoint><delPoint>Suite A8</delPoint><delPoint>1266 Kamehameha Avenue</delPoint><city>Hilo</city><adminArea>Hawaii</adminArea><postCode>96720</postCode><country>United States of America</country><eMailAdd>mzoeller@usgs.gov</eMailAdd></cntAddress><cntInstr>Preferred contact by e-mail. This mailing and physical address is temporary.</cntInstr></rpCntInfo><role><RoleCd value="009"/></role></stepProc><stepSrc type="produced"><srcCitatn><resAltTitle>Zoeller and others (2020)</resAltTitle></srcCitatn></stepSrc></prcStep><prcStep><stepDesc>Fissure lines were digitized (syn-eruption) from various satellite imagery sources.</stepDesc><stepDateTm>2018-01-01</stepDateTm><stepProc><rpIndName>Michael Zoeller</rpIndName><rpOrgName>U.S. Geological Survey</rpOrgName><rpPosName>Geologist</rpPosName><rpCntInfo><cntPhone><voiceNum>808-967-8848</voiceNum></cntPhone><cntAddress addressType="both"><delPoint>1266 Kamehameha Avenue</delPoint><delPoint>Suite A8</delPoint><delPoint>Hawaiian Volcano Observatory</delPoint><city>Hilo</city><adminArea>Hawaii</adminArea><postCode>96720</postCode><country>United States of America</country><eMailAdd>mzoeller@usgs.gov</eMailAdd></cntAddress><cntInstr>Preferred contact by e-mail. This mailing and physical address is temporary.</cntInstr></rpCntInfo><role><RoleCd value="009"/></role></stepProc><stepSrc type="produced"><srcCitatn><resAltTitle>Zoeller and others (2020)</resAltTitle></srcCitatn></stepSrc></prcStep><prcStep><stepDesc>Field geologists collected lava and tephra samples, then marked their locations using handheld Global Positioning System (GPS) units. Petrologists tabulated these data, and the sample locations were loaded into ArcMap as point features.</stepDesc><stepDateTm>2018-01-01</stepDateTm><stepProc><rpIndName>Michael Zoeller</rpIndName><rpOrgName>U.S. Geological Survey</rpOrgName><rpPosName>Geologist</rpPosName><rpCntInfo><cntPhone><voiceNum>808-967-8848</voiceNum></cntPhone><cntAddress addressType="both"><delPoint>Hawaiian Volcano Observatory</delPoint><delPoint>Suite A8</delPoint><delPoint>1266 Kamehameha Avenue</delPoint><city>Hilo</city><adminArea>Hawaii</adminArea><postCode>96720</postCode><country>United States of America</country><eMailAdd>mzoeller@usgs.gov</eMailAdd></cntAddress><cntInstr>Preferred contact by e-mail. This mailing and physical address is temporary.</cntInstr></rpCntInfo><role><RoleCd value="009"/></role></stepProc><stepSrc type="used"><srcCitatn><resAltTitle>Lee and others (2019)</resAltTitle></srcCitatn></stepSrc><stepSrc type="produced"><srcCitatn><resAltTitle>Zoeller and others (2020)</resAltTitle></srcCitatn></stepSrc></prcStep><dataSource><srcDesc>Geographic coordinates provided the locations for sample site point features.</srcDesc><srcMedName><MedNameCd value="015"/></srcMedName><srcCitatn><resTitle>Whole-rock and glass chemistry of lava samples collected during the 2018 lower East Rift Zone eruption of Kilauea</resTitle><resAltTitle>Lee and others (2019)</resAltTitle><date><pubDate>2019-01-01</pubDate></date><citRespParty><rpOrgName>Adams, David T.</rpOrgName><role><RoleCd value="006"/></role></citRespParty><citRespParty><rpOrgName>U.S. Geological Survey</rpOrgName><rpCntInfo><cntAddress><delPoint>Reston, Virginia</delPoint></cntAddress></rpCntInfo><role><RoleCd value="010"/></role></citRespParty><citRespParty><rpOrgName>Conrey, Richard</rpOrgName><role><RoleCd value="006"/></role></citRespParty><citRespParty><rpOrgName>Wagoner, Laureen</rpOrgName><role><RoleCd value="006"/></role></citRespParty><citRespParty><rpOrgName>Gansecki, Cheryl</rpOrgName><role><RoleCd value="006"/></role></citRespParty><citRespParty><rpOrgName>Lundblad, Steven</rpOrgName><role><RoleCd value="006"/></role></citRespParty><citRespParty><rpOrgName>Mills, Peter</rpOrgName><role><RoleCd value="006"/></role></citRespParty><citRespParty><rpOrgName>Lee, R. Lopaka</rpOrgName><role><RoleCd value="006"/></role></citRespParty><citOnlineRes><linkage>https://doi.org/10.5066/P9LVY7GV</linkage></citOnlineRes></srcCitatn><srcExt><exDesc>ground condition</exDesc><tempEle><TempExtent><exTemp><TM_Instant><tmPosition>2018-01-01</tmPosition></TM_Instant></exTemp></TempExtent></tempEle></srcExt></dataSource></dataLineage></dqInfo><spatRepInfo><VectSpatRep><geometObjs Name="KIL_2018_LERZ_Fissure06Flow"><geoObjTyp><GeoObjTypCd value="002" Sync="TRUE"></GeoObjTypCd></geoObjTyp><geoObjCnt Sync="TRUE">3</geoObjCnt></geometObjs><topLvl><TopoLevCd value="001" Sync="TRUE"></TopoLevCd></topLvl></VectSpatRep></spatRepInfo><eainfo><detailed Name="KIL_2018_LERZ_Fissure06Flow"><enttyp><enttypl>KIL_2018_LERZ_Fissure06Flow.shp</enttypl><enttypd>Polygon or polygons with associated attribute data for the fissure 6 lava flow of the 2018 lower East Rift Zone eruption of Kilauea Volcano, Hawai'i.</enttypd><enttypds>Author.</enttypds><enttypt Sync="TRUE">Feature Class</enttypt><enttypc Sync="TRUE">3</enttypc></enttyp><attr><attrlabl>FID</attrlabl><attrdef>Internal feature number.</attrdef><attrdefs>Esri</attrdefs><attrdomv><udom>Sequential unique whole numbers that are automatically generated.</udom></attrdomv><attalias Sync="TRUE">FID</attalias><attrtype Sync="TRUE">OID</attrtype><attwidth Sync="TRUE">4</attwidth><atprecis Sync="TRUE">0</atprecis><attscale Sync="TRUE">0</attscale></attr><attr><attrlabl>DataSource</attrlabl><attrdef>Description of the data source.</attrdef><attrdefs>Author</attrdefs><attrdomv><udom>Text describing the data source.</udom></attrdomv><attalias Sync="TRUE">DataSource</attalias><attrtype Sync="TRUE">String</attrtype><attwidth Sync="TRUE">254</attwidth><atprecis Sync="TRUE">0</atprecis><attscale Sync="TRUE">0</attscale></attr><attr><attrlabl>Shape_Leng</attrlabl><attrdef>Length of feature in meters.</attrdef><attrdefs>Author</attrdefs><attrdomv><udom>Positive real numbers that are automatically generated.</udom></attrdomv><attalias Sync="TRUE">Shape_Leng</attalias><attrtype Sync="TRUE">Double</attrtype><attwidth Sync="TRUE">19</attwidth><atprecis Sync="TRUE">0</atprecis><attscale Sync="TRUE">0</attscale></attr><attr><attrlabl>Shape_Area</attrlabl><attrdef>Area of feature in meters squared.</attrdef><attrdefs>Author</attrdefs><attrdomv><udom>Positive real numbers that are automatically generated.</udom></attrdomv><attalias Sync="TRUE">Shape_Area</attalias><attrtype Sync="TRUE">Double</attrtype><attwidth Sync="TRUE">19</attwidth><atprecis Sync="TRUE">0</atprecis><attscale Sync="TRUE">0</attscale></attr><attr><attrlabl>FissSource</attrlabl><attrdef>Identifies the source fissure(s) of each lava flow feature.</attrdef><attrdefs>Author</attrdefs><attrdomv><udom>One or two sequential two-digit numerals, each optionally followed by an alphabetic letter.</udom></attrdomv><attalias Sync="TRUE">FissSource</attalias><attrtype Sync="TRUE">String</attrtype><attwidth Sync="TRUE">10</attwidth><atprecis Sync="TRUE">0</atprecis><attscale Sync="TRUE">0</attscale></attr><attr><attrlabl>Shape</attrlabl><attrdef>Feature geometry.</attrdef><attrdefs>Esri</attrdefs><attrdomv><udom>Coordinates defining the features.</udom></attrdomv><attalias Sync="TRUE">Shape</attalias><attrtype Sync="TRUE">Geometry</attrtype><attwidth Sync="TRUE">0</attwidth><atprecis Sync="TRUE">0</atprecis><attscale Sync="TRUE">0</attscale></attr></detailed></eainfo><mdHrLvName Sync="TRUE">dataset</mdHrLvName><refSysInfo><RefSystem><refSysID><identCode code="26905" Sync="TRUE"></identCode><idCodeSpace Sync="TRUE">EPSG</idCodeSpace><idVersion Sync="TRUE">6.13(3.0.1)</idVersion></refSysID></RefSystem></refSysInfo><spdoinfo><ptvctinf><esriterm Name="KIL_2018_LERZ_Fissure06Flow"><efeatyp Sync="TRUE">Simple</efeatyp><efeageom code="4" Sync="TRUE"></efeageom><esritopo Sync="TRUE">FALSE</esritopo><efeacnt Sync="TRUE">3</efeacnt><spindex Sync="TRUE">TRUE</spindex><linrefer Sync="TRUE">FALSE</linrefer></esriterm></ptvctinf></spdoinfo></metadata>
